run,instance.duration,instance.duration_s,instance.no,iteration.no,row.no,row.events,row.viability
1,0:00:02.370177,2.3701770305633545,1,1,1,[13. 13. 13. 13. 13. 13. 13. 13. 13. 13. 13. 13. 13. 13. 13. 13. 13. 13. 13. 13. 13. 13. 13. 13. 13. 13. 13.],0.4617862271694395
1,0:00:02.370177,2.3701770305633545,1,1,2,[13. 13. 13. 13. 13. 13. 13. 13. 13. 13. 13. 13. 13. 13. 13. 13. 13. 13. 13. 13. 13. 13. 13. 13. 13. 13. 13.],0.4617862271694395
1,0:00:02.370177,2.3701770305633545,1,1,3,[13. 13. 13. 13. 13. 13. 13. 13. 13. 13. 13. 13. 13. 13. 13. 13. 13. 13. 13. 13. 13. 13. 13. 13. 13. 13. 13.],0.4617862271694395
1,0:00:02.370177,2.3701770305633545,1,1,4,[13. 13. 13. 13. 13. 13. 13. 13. 13. 13. 13. 13. 13. 13. 13. 13. 13. 13. 13. 13. 13. 13. 13. 13. 13. 13. 13.],0.4617862271694395
1,0:00:02.370177,2.3701770305633545,1,1,5,[13. 13. 13. 13. 13. 13. 13. 13. 13. 13. 13. 13. 13. 13. 13. 13. 13. 13. 13. 13. 13. 13. 13. 13. 13. 13. 13.],0.4617862271694395
1,0:00:02.370177,2.3701770305633545,1,1,6,[13. 13. 13. 13. 13. 13. 13. 13. 13. 13. 13. 13. 13. 13. 13. 13. 13. 13. 13. 13. 13. 13. 13. 13. 13. 13. 13.],0.4617862271694395
1,0:00:02.370177,2.3701770305633545,1,1,7,[13. 13. 13. 13. 13. 13. 13. 13. 13. 13. 13. 13. 13. 13. 13. 13. 13. 13. 13. 13. 13. 13. 13. 13. 13. 13. 13.],0.4617862271694395
1,0:00:02.370177,2.3701770305633545,1,1,8,[13. 13. 13. 13. 13. 13. 13. 13. 13. 13. 13. 13. 13. 13. 13. 13. 13. 13. 13. 13. 13. 13. 13. 13. 13. 13. 13.],0.4617862271694395
1,0:00:02.370177,2.3701770305633545,1,1,9,[13. 13. 13. 13. 13. 13. 13. 13. 13. 13. 13. 13. 13. 13. 13. 13. 13. 13. 13. 13. 13. 13. 13. 13. 13. 13. 13.],0.4617862271694395
1,0:00:02.370177,2.3701770305633545,1,1,10,[13. 13. 13. 13. 13. 13. 13. 13. 13. 13. 13. 13. 13. 13. 13. 13. 13. 13. 13. 13. 13. 13. 13. 13. 13. 13. 13.],0.4617862271694395
1,0:00:02.370177,2.3701770305633545,1,1,11,[13. 13. 13. 13. 13. 13. 13. 13. 13. 13. 13. 13. 13. 13. 13. 13. 13. 13. 13. 13. 13. 13. 13. 13. 13. 13. 13.],0.4617862271694395
1,0:00:02.370177,2.3701770305633545,1,1,12,[13. 13. 13. 13. 13. 13. 13. 13. 13. 13. 13. 13. 13. 13. 13. 13. 13. 13. 13. 13. 13. 13. 13. 13. 13. 13. 13.],0.4617862271694395
1,0:00:02.370177,2.3701770305633545,1,1,13,[13. 13. 13. 13. 13. 13. 13. 13. 13. 13. 13. 13. 13. 13. 13. 13. 13. 13. 13. 13. 13. 13. 13. 13. 13. 13. 13.],0.4617862271694395
1,0:00:02.370177,2.3701770305633545,1,1,14,[13. 13. 13. 13. 13. 13. 13. 13. 13. 13. 13. 13. 13. 13. 13. 13. 13. 13. 13. 13. 13. 13. 13. 13. 13. 13. 13.],0.4617862271694395
1,0:00:02.370177,2.3701770305633545,1,1,15,[13. 13. 13. 13. 13. 13. 13. 13. 13. 13. 13. 13. 13. 13. 13. 13. 13. 13. 13. 13. 13. 13. 13. 13. 13. 13. 13.],0.4617862271694395
1,0:00:02.370177,2.3701770305633545,1,1,16,[13. 13. 13. 13. 13. 13. 13. 13. 13. 13. 13. 13. 13. 13. 13. 13. 13. 13. 13. 13. 13. 13. 13. 13. 13. 13. 13.],0.4617862271694395
1,0:00:02.370177,2.3701770305633545,1,1,17,[13. 13. 13. 13. 13. 13. 13. 13. 13. 13. 13. 13. 13. 13. 13. 13. 13. 13. 13. 13. 13. 13. 13. 13. 13. 13. 13.],0.4617862271694395
1,0:00:02.370177,2.3701770305633545,1,1,18,[13. 13. 13. 13. 13. 13. 13. 13. 13. 13. 13. 13. 13. 13. 13. 13. 13. 13. 13. 13. 13. 13. 13. 13. 13. 13. 13.],0.4617862271694395
1,0:00:02.370177,2.3701770305633545,1,1,19,[13. 13. 13. 13. 13. 13. 13. 13. 13. 13. 13. 13. 13. 13. 13. 13. 13. 13. 13. 13. 13. 13. 13. 13. 13. 13. 13.],0.4617862271694395
1,0:00:02.370177,2.3701770305633545,1,1,20,[13. 13. 13. 13. 13. 13. 13. 13. 13. 13. 13. 13. 13. 13. 13. 13. 13. 13. 13. 13. 13. 13. 13. 13. 13. 13. 13.],0.4617862271694395
1,0:00:02.370177,2.3701770305633545,1,1,21,[13. 13. 13. 13. 13. 13. 13. 13. 13. 13. 13. 13. 13. 13. 13. 13. 13. 13. 13. 13. 13. 13. 13. 13. 13. 13. 13.],0.4617862271694395
1,0:00:02.370177,2.3701770305633545,1,1,22,[13. 13. 13. 13. 13. 13. 13. 13. 13. 13. 13. 13. 13. 13. 13. 13. 13. 13. 13. 13. 13. 13. 13. 13. 13. 13. 13.],0.4617862271694395
1,0:00:02.370177,2.3701770305633545,1,1,23,[13. 13. 13. 13. 13. 13. 13. 13. 13. 13. 13. 13. 13. 13. 13. 13. 13. 13. 13. 13. 13. 13. 13. 13. 13. 13. 13.],0.4617862271694395
1,0:00:02.370177,2.3701770305633545,1,1,24,[13. 13. 13. 13. 13. 13. 13. 13. 13. 13. 13. 13. 13. 13. 13. 13. 13. 13. 13. 13. 13. 13. 13. 13. 13. 13. 13.],0.4617862271694395
1,0:00:02.370177,2.3701770305633545,1,1,25,[13. 13. 13. 13. 13. 13. 13. 13. 13. 13. 13. 13. 13. 13. 13. 13. 13. 13. 13. 13. 13. 13. 13. 13. 13. 13. 13.],0.4617862271694395
1,0:00:02.370177,2.3701770305633545,1,1,26,[13. 13. 13. 13. 13. 13. 13. 13. 13. 13. 13. 13. 13. 13. 13. 13. 13. 13. 13. 13. 13. 13. 13. 13. 13. 13. 13.],0.4617862271694395
1,0:00:02.370177,2.3701770305633545,1,1,27,[13. 13. 13. 13. 13. 13. 13. 13. 13. 13. 13. 13. 13. 13. 13. 13. 13. 13. 13. 13. 13. 13. 13. 13. 13. 13. 13.],0.4617862271694395
1,0:00:02.370177,2.3701770305633545,1,1,28,[13. 13. 13. 13. 13. 13. 13. 13. 13. 13. 13. 13. 13. 13. 13. 13. 13. 13. 13. 13. 13. 13. 13. 13. 13. 13. 13.],0.4617862271694395
1,0:00:02.370177,2.3701770305633545,1,1,29,[13. 13. 13. 13. 13. 13. 13. 13. 13. 13. 13. 13. 13. 13. 13. 13. 13. 13. 13. 13. 13. 13. 13. 13. 13. 13. 13.],0.4617862271694395
1,0:00:02.370177,2.3701770305633545,1,1,30,[13. 13. 13. 13. 13. 13. 13. 13. 13. 13. 13. 13. 13. 13. 13. 13. 13. 13. 13. 13. 13. 13. 13. 13. 13. 13. 13.],0.4617862271694395
1,0:00:02.370177,2.3701770305633545,1,1,31,[13. 13. 13. 13. 13. 13. 13. 13. 13. 13. 13. 13. 13. 13. 13. 13. 13. 13. 13. 13. 13. 13. 13. 13. 13. 13. 13.],0.4617862271694395
1,0:00:02.370177,2.3701770305633545,1,1,32,[13. 13. 13. 13. 13. 13. 13. 13. 13. 13. 13. 13. 13. 13. 13. 13. 13. 13. 13. 13. 13. 13. 13. 13. 13. 13. 13.],0.4617862271694395
1,0:00:02.370177,2.3701770305633545,1,1,33,[13. 13. 13. 13. 13. 13. 13. 13. 13. 13. 13. 13. 13. 13. 13. 13. 13. 13. 13. 13. 13. 13. 13. 13. 13. 13. 13.],0.4617862271694395
1,0:00:02.370177,2.3701770305633545,1,1,34,[13. 13. 13. 13. 13. 13. 13. 13. 13. 13. 13. 13. 13. 13. 13. 13. 13. 13. 13. 13. 13. 13. 13. 13. 13. 13. 13.],0.4617862271694395
1,0:00:02.370177,2.3701770305633545,1,1,35,[13. 13. 13. 13. 13. 13. 13. 13. 13. 13. 13. 13. 13. 13. 13. 13. 13. 13. 13. 13. 13. 13. 13. 13. 13. 13. 13.],0.4617862271694395
1,0:00:02.370177,2.3701770305633545,1,1,36,[13. 13. 13. 13. 13. 13. 13. 13. 13. 13. 13. 13. 13. 13. 13. 13. 13. 13. 13. 13. 13. 13. 13. 13. 13. 13. 13.],0.4617862271694395
1,0:00:02.370177,2.3701770305633545,1,1,37,[13. 13. 13. 13. 13. 13. 13. 13. 13. 13. 13. 13. 13. 13. 13. 13. 13. 13. 13. 13. 13. 13. 13. 13. 13. 13. 13.],0.4617862271694395
1,0:00:02.370177,2.3701770305633545,1,1,38,[13. 13. 13. 13. 13. 13. 13. 13. 13. 13. 13. 13. 13. 13. 13. 13. 13. 13. 13. 13. 13. 13. 13. 13. 13. 13. 13.],0.4617862271694395
1,0:00:02.370177,2.3701770305633545,1,1,39,[13. 13. 13. 13. 13. 13. 13. 13. 13. 13. 13. 13. 13. 13. 13. 13. 13. 13. 13. 13. 13. 13. 13. 13. 13. 13. 13.],0.4617862271694395
1,0:00:02.370177,2.3701770305633545,1,1,40,[13. 13. 13. 13. 13. 13. 13. 13. 13. 13. 13. 13. 13. 13. 13. 13. 13. 13. 13. 13. 13. 13. 13. 13. 13. 13. 13.],0.4617862271694395
1,0:00:02.370177,2.3701770305633545,1,1,41,[13. 13. 13. 13. 13. 13. 13. 13. 13. 13. 13. 13. 13. 13. 13. 13. 13. 13. 13. 13. 13. 13. 13. 13. 13. 13. 13.],0.4617862271694395
1,0:00:02.370177,2.3701770305633545,1,1,42,[13. 13. 13. 13. 13. 13. 13. 13. 13. 13. 13. 13. 13. 13. 13. 13. 13. 13. 13. 13. 13. 13. 13. 13. 13. 13. 13.],0.4617862271694395
1,0:00:02.370177,2.3701770305633545,1,1,43,[13. 13. 13. 13. 13. 13. 13. 13. 13. 13. 13. 13. 13. 13. 13. 13. 13. 13. 13. 13. 13. 13. 13. 13. 13. 13. 13.],0.4617862271694395
1,0:00:02.370177,2.3701770305633545,1,1,44,[13. 13. 13. 13. 13. 13. 13. 13. 13. 13. 13. 13. 13. 13. 13. 13. 13. 13. 13. 13. 13. 13. 13. 13. 13. 13. 13.],0.4617862271694395
1,0:00:02.370177,2.3701770305633545,1,1,45,[13. 13. 13. 13. 13. 13. 13. 13. 13. 13. 13. 13. 13. 13. 13. 13. 13. 13. 13. 13. 13. 13. 13. 13. 13. 13. 13.],0.4617862271694395
1,0:00:02.370177,2.3701770305633545,1,1,46,[13. 13. 13. 13. 13. 13. 13. 13. 13. 13. 13. 13. 13. 13. 13. 13. 13. 13. 13. 13. 13. 13. 13. 13. 13. 13. 13.],0.4617862271694395
1,0:00:02.370177,2.3701770305633545,1,1,47,[13. 13. 13. 13. 13. 13. 13. 13. 13. 13. 13. 13. 13. 13. 13. 13. 13. 13. 13. 13. 13. 13. 13. 13. 13. 13. 13.],0.4617862271694395
1,0:00:02.370177,2.3701770305633545,1,1,48,[13. 13. 13. 13. 13. 13. 13. 13. 13. 13. 13. 13. 13. 13. 13. 13. 13. 13. 13. 13. 13. 13. 13. 13. 13. 13. 13.],0.4617862271694395
1,0:00:02.370177,2.3701770305633545,1,1,49,[13. 13. 13. 13. 13. 13. 13. 13. 13. 13. 13. 13. 13. 13. 13. 13. 13. 13. 13. 13. 13. 13. 13. 13. 13. 13. 13.],0.4617862271694395
1,0:00:02.370177,2.3701770305633545,1,1,50,[13. 13. 13. 13. 13. 13. 13. 13. 13. 13. 13. 13. 13. 13. 13. 13. 13. 13. 13. 13. 13. 13. 13. 13. 13. 13. 13.],0.4617862271694395
1,0:00:02.370177,2.3701770305633545,1,1,51,[13. 13. 13. 13. 13. 13. 13. 13. 13. 13. 13. 13. 13. 13. 13. 13. 13. 13. 13. 13. 13. 13. 13. 13. 13. 13. 13.],0.4617862271694395
1,0:00:02.370177,2.3701770305633545,1,1,52,[13. 13. 13. 13. 13. 13. 13. 13. 13. 13. 13. 13. 13. 13. 13. 13. 13. 13. 13. 13. 13. 13. 13. 13. 13. 13. 13.],0.4617862271694395
1,0:00:02.370177,2.3701770305633545,1,1,53,[13. 13. 13. 13. 13. 13. 13. 13. 13. 13. 13. 13. 13. 13. 13. 13. 13. 13. 13. 13. 13. 13. 13. 13. 13. 13. 13.],0.4617862271694395
1,0:00:02.370177,2.3701770305633545,1,1,54,[13. 13. 13. 13. 13. 13. 13. 13. 13. 13. 13. 13. 13. 13. 13. 13. 13. 13. 13. 13. 13. 13. 13. 13. 13. 13. 13.],0.4617862271694395
1,0:00:02.370177,2.3701770305633545,1,1,55,[13. 13. 13. 13. 13. 13. 13. 13. 13. 13. 13. 13. 13. 13. 13. 13. 13. 13. 13. 13. 13. 13. 13. 13. 13. 13. 13.],0.4617862271694395
1,0:00:02.370177,2.3701770305633545,1,1,56,[13. 13. 13. 13. 13. 13. 13. 13. 13. 13. 13. 13. 13. 13. 13. 13. 13. 13. 13. 13. 13. 13. 13. 13. 13. 13. 13.],0.4617862271694395
1,0:00:02.370177,2.3701770305633545,1,1,57,[13. 13. 13. 13. 13. 13. 13. 13. 13. 13. 13. 13. 13. 13. 13. 13. 13. 13. 13. 13. 13. 13. 13. 13. 13. 13. 13.],0.4617862271694395
1,0:00:02.370177,2.3701770305633545,1,1,58,[13. 13. 13. 13. 13. 13. 13. 13. 13. 13. 13. 13. 13. 13. 13. 13. 13. 13. 13. 13. 13. 13. 13. 13. 13. 13. 13.],0.4617862271694395
1,0:00:02.370177,2.3701770305633545,1,1,59,[13. 13. 13. 13. 13. 13. 13. 13. 13. 13. 13. 13. 13. 13. 13. 13. 13. 13. 13. 13. 13. 13. 13. 13. 13. 13. 13.],0.4617862271694395
1,0:00:02.370177,2.3701770305633545,1,1,60,[13. 13. 13. 13. 13. 13. 13. 13. 13. 13. 13. 13. 13. 13. 13. 13. 13. 13. 13. 13. 13. 13. 13. 13. 13. 13. 13.],0.4617862271694395
1,0:00:02.370177,2.3701770305633545,1,1,61,[13. 13. 13. 13. 13. 13. 13. 13. 13. 13. 13. 13. 13. 13. 13. 13. 13. 13. 13. 13. 13. 13. 13. 13. 13. 13. 13.],0.4617862271694395
1,0:00:02.370177,2.3701770305633545,1,1,62,[13. 13. 13. 13. 13. 13. 13. 13. 13. 13. 13. 13. 13. 13. 13. 13. 13. 13. 13. 13. 13. 13. 13. 13. 13. 13. 13.],0.4617862271694395
1,0:00:02.370177,2.3701770305633545,1,1,63,[13. 13. 13. 13. 13. 13. 13. 13. 13. 13. 13. 13. 13. 13. 13. 13. 13. 13. 13. 13. 13. 13. 13. 13. 13. 13. 13.],0.4617862271694395
1,0:00:02.370177,2.3701770305633545,1,1,64,[13. 13. 13. 13. 13. 13. 13. 13. 13. 13. 13. 13. 13. 13. 13. 13. 13. 13. 13. 13. 13. 13. 13. 13. 13. 13. 13.],0.4617862271694395
1,0:00:02.370177,2.3701770305633545,1,1,65,[13. 13. 13. 13. 13. 13. 13. 13. 13. 13. 13. 13. 13. 13. 13. 13. 13. 13. 13. 13. 13. 13. 13. 13. 13. 13. 13.],0.4617862271694395
1,0:00:02.370177,2.3701770305633545,1,1,66,[13. 13. 13. 13. 13. 13. 13. 13. 13. 13. 13. 13. 13. 13. 13. 13. 13. 13. 13. 13. 13. 13. 13. 13. 13. 13. 13.],0.4617862271694395
1,0:00:02.370177,2.3701770305633545,1,1,67,[13. 13. 13. 13. 13. 13. 13. 13. 13. 13. 13. 13. 13. 13. 13. 13. 13. 13. 13. 13. 13. 13. 13. 13. 13. 13. 13.],0.4617862271694395
1,0:00:02.370177,2.3701770305633545,1,1,68,[13. 13. 13. 13. 13. 13. 13. 13. 13. 13. 13. 13. 13. 13. 13. 13. 13. 13. 13. 13. 13. 13. 13. 13. 13. 13. 13.],0.4617862271694395
1,0:00:02.370177,2.3701770305633545,1,1,69,[13. 13. 13. 13. 13. 13. 13. 13. 13. 13. 13. 13. 13. 13. 13. 13. 13. 13. 13. 13. 13. 13. 13. 13. 13. 13. 13.],0.4617862271694395
1,0:00:02.370177,2.3701770305633545,1,1,70,[13. 13. 13. 13. 13. 13. 13. 13. 13. 13. 13. 13. 13. 13. 13. 13. 13. 13. 13. 13. 13. 13. 13. 13. 13. 13. 13.],0.4617862271694395
1,0:00:02.370177,2.3701770305633545,1,1,71,[13. 13. 13. 13. 13. 13. 13. 13. 13. 13. 13. 13. 13. 13. 13. 13. 13. 13. 13. 13. 13. 13. 13. 13. 13. 13. 13.],0.4617862271694395
1,0:00:02.370177,2.3701770305633545,1,1,72,[13. 13. 13. 13. 13. 13. 13. 13. 13. 13. 13. 13. 13. 13. 13. 13. 13. 13. 13. 13. 13. 13. 13. 13. 13. 13. 13.],0.4617862271694395
1,0:00:02.370177,2.3701770305633545,1,1,73,[13. 13. 13. 13. 13. 13. 13. 13. 13. 13. 13. 13. 13. 13. 13. 13. 13. 13. 13. 13. 13. 13. 13. 13. 13. 13. 13.],0.4617862271694395
1,0:00:02.370177,2.3701770305633545,1,1,74,[13. 13. 13. 13. 13. 13. 13. 13. 13. 13. 13. 13. 13. 13. 13. 13. 13. 13. 13. 13. 13. 13. 13. 13. 13. 13. 13.],0.4617862271694395
1,0:00:02.370177,2.3701770305633545,1,1,75,[13. 13. 13. 13. 13. 13. 13. 13. 13. 13. 13. 13. 13. 13. 13. 13. 13. 13. 13. 13. 13. 13. 13. 13. 13. 13. 13.],0.4617862271694395
1,0:00:02.370177,2.3701770305633545,1,1,76,[13. 13. 13. 13. 13. 13. 13. 13. 13. 13. 13. 13. 13. 13. 13. 13. 13. 13. 13. 13. 13. 13. 13. 13. 13. 13. 13.],0.4617862271694395
1,0:00:02.370177,2.3701770305633545,1,1,77,[13. 13. 13. 13. 13. 13. 13. 13. 13. 13. 13. 13. 13. 13. 13. 13. 13. 13. 13. 13. 13. 13. 13. 13. 13. 13. 13.],0.4617862271694395
1,0:00:02.370177,2.3701770305633545,1,1,78,[13. 13. 13. 13. 13. 13. 13. 13. 13. 13. 13. 13. 13. 13. 13. 13. 13. 13. 13. 13. 13. 13. 13. 13. 13. 13. 13.],0.4617862271694395
1,0:00:02.370177,2.3701770305633545,1,1,79,[13. 13. 13. 13. 13. 13. 13. 13. 13. 13. 13. 13. 13. 13. 13. 13. 13. 13. 13. 13. 13. 13. 13. 13. 13. 13. 13.],0.4617862271694395
1,0:00:02.370177,2.3701770305633545,1,1,80,[13. 13. 13. 13. 13. 13. 13. 13. 13. 13. 13. 13. 13. 13. 13. 13. 13. 13. 13. 13. 13. 13. 13. 13. 13. 13. 13.],0.4617862271694395
1,0:00:02.370177,2.3701770305633545,1,1,81,[13. 13. 13. 13. 13. 13. 13. 13. 13. 13. 13. 13. 13. 13. 13. 13. 13. 13. 13. 13. 13. 13. 13. 13. 13. 13. 13.],0.4617862271694395
1,0:00:02.370177,2.3701770305633545,1,1,82,[13. 13. 13. 13. 13. 13. 13. 13. 13. 13. 13. 13. 13. 13. 13. 13. 13. 13. 13. 13. 13. 13. 13. 13. 13. 13. 13.],0.4617862271694395
1,0:00:02.370177,2.3701770305633545,1,1,83,[13. 13. 13. 13. 13. 13. 13. 13. 13. 13. 13. 13. 13. 13. 13. 13. 13. 13. 13. 13. 13. 13. 13. 13. 13. 13. 13.],0.4617862271694395
1,0:00:02.370177,2.3701770305633545,1,1,84,[13. 13. 13. 13. 13. 13. 13. 13. 13. 13. 13. 13. 13. 13. 13. 13. 13. 13. 13. 13. 13. 13. 13. 13. 13. 13. 13.],0.4617862271694395
1,0:00:02.370177,2.3701770305633545,1,1,85,[13. 13. 13. 13. 13. 13. 13. 13. 13. 13. 13. 13. 13. 13. 13. 13. 13. 13. 13. 13. 13. 13. 13. 13. 13. 13. 13.],0.4617862271694395
1,0:00:02.370177,2.3701770305633545,1,1,86,[13. 13. 13. 13. 13. 13. 13. 13. 13. 13. 13. 13. 13. 13. 13. 13. 13. 13. 13. 13. 13. 13. 13. 13. 13. 13. 13.],0.4617862271694395
1,0:00:02.370177,2.3701770305633545,1,1,87,[13. 13. 13. 13. 13. 13. 13. 13. 13. 13. 13. 13. 13. 13. 13. 13. 13. 13. 13. 13. 13. 13. 13. 13. 13. 13. 13.],0.4617862271694395
1,0:00:02.370177,2.3701770305633545,1,1,88,[13. 13. 13. 13. 13. 13. 13. 13. 13. 13. 13. 13. 13. 13. 13. 13. 13. 13. 13. 13. 13. 13. 13. 13. 13. 13. 13.],0.4617862271694395
1,0:00:02.370177,2.3701770305633545,1,1,89,[13. 13. 13. 13. 13. 13. 13. 13. 13. 13. 13. 13. 13. 13. 13. 13. 13. 13. 13. 13. 13. 13. 13. 13. 13. 13. 13.],0.4617862271694395
1,0:00:02.370177,2.3701770305633545,1,1,90,[13. 13. 13. 13. 13. 13. 13. 13. 13. 13. 13. 13. 13. 13. 13. 13. 13. 13. 13. 13. 13. 13. 13. 13. 13. 13. 13.],0.4617862271694395
1,0:00:02.370177,2.3701770305633545,1,1,91,[13. 13. 13. 13. 13. 13. 13. 13. 13. 13. 13. 13. 13. 13. 13. 13. 13. 13. 13. 13. 13. 13. 13. 13. 13. 13. 13.],0.4617862271694395
1,0:00:02.370177,2.3701770305633545,1,1,92,[13. 13. 13. 13. 13. 13. 13. 13. 13. 13. 13. 13. 13. 13. 13. 13. 13. 13. 13. 13. 13. 13. 13. 13. 13. 13. 13.],0.4617862271694395
1,0:00:02.370177,2.3701770305633545,1,1,93,[13. 13. 13. 13. 13. 13. 13. 13. 13. 13. 13. 13. 13. 13. 13. 13. 13. 13. 13. 13. 13. 13. 13. 13. 13. 13. 13.],0.4617862271694395
1,0:00:02.370177,2.3701770305633545,1,1,94,[13. 13. 13. 13. 13. 13. 13. 13. 13. 13. 13. 13. 13. 13. 13. 13. 13. 13. 13. 13. 13. 13. 13. 13. 13. 13. 13.],0.4617862271694395
1,0:00:02.370177,2.3701770305633545,1,1,95,[13. 13. 13. 13. 13. 13. 13. 13. 13. 13. 13. 13. 13. 13. 13. 13. 13. 13. 13. 13. 13. 13. 13. 13. 13. 13. 13.],0.4617862271694395
1,0:00:02.370177,2.3701770305633545,1,1,96,[13. 13. 13. 13. 13. 13. 13. 13. 13. 13. 13. 13. 13. 13. 13. 13. 13. 13. 13. 13. 13. 13. 13. 13. 13. 13. 13.],0.4617862271694395
1,0:00:02.370177,2.3701770305633545,1,1,97,[13. 13. 13. 13. 13. 13. 13. 13. 13. 13. 13. 13. 13. 13. 13. 13. 13. 13. 13. 13. 13. 13. 13. 13. 13. 13. 13.],0.4617862271694395
1,0:00:02.370177,2.3701770305633545,1,1,98,[13. 13. 13. 13. 13. 13. 13. 13. 13. 13. 13. 13. 13. 13. 13. 13. 13. 13. 13. 13. 13. 13. 13. 13. 13. 13. 13.],0.4617862271694395
1,0:00:02.370177,2.3701770305633545,1,1,99,[13. 13. 13. 13. 13. 13. 13. 13. 13. 13. 13. 13. 13. 13. 13. 13. 13. 13. 13. 13. 13. 13. 13. 13. 13. 13. 13.],0.4617862271694395
1,0:00:02.370177,2.3701770305633545,1,1,100,[13. 13. 13. 13. 13. 13. 13. 13. 13. 13. 13. 13. 13. 13. 13. 13. 13. 13. 13. 13. 13. 13. 13. 13. 13. 13. 13.],0.4617862271694395
1,0:00:01.837791,1.8377909660339355,2,1,1,[13. 13. 13. 13. 13. 13. 13. 13. 13. 13. 13. 13. 13. 13. 13. 13. 13. 13. 13. 13. 13. 13. 13. 13. 13. 13. 13.],0.4605001641497639
1,0:00:01.837791,1.8377909660339355,2,1,2,[13. 13. 13. 13. 13. 13. 13. 13. 13. 13. 13. 13. 13. 13. 13. 13. 13. 13. 13. 13. 13. 13. 13. 13. 13. 13. 13.],0.4605001641497639
1,0:00:01.837791,1.8377909660339355,2,1,3,[13. 13. 13. 13. 13. 13. 13. 13. 13. 13. 13. 13. 13. 13. 13. 13. 13. 13. 13. 13. 13. 13. 13. 13. 13. 13. 13.],0.4605001641497639
1,0:00:01.837791,1.8377909660339355,2,1,4,[13. 13. 13. 13. 13. 13. 13. 13. 13. 13. 13. 13. 13. 13. 13. 13. 13. 13. 13. 13. 13. 13. 13. 13. 13. 13. 13.],0.4605001641497639
1,0:00:01.837791,1.8377909660339355,2,1,5,[13. 13. 13. 13. 13. 13. 13. 13. 13. 13. 13. 13. 13. 13. 13. 13. 13. 13. 13. 13. 13. 13. 13. 13. 13. 13. 13.],0.4605001641497639
1,0:00:01.837791,1.8377909660339355,2,1,6,[13. 13. 13. 13. 13. 13. 13. 13. 13. 13. 13. 13. 13. 13. 13. 13. 13. 13. 13. 13. 13. 13. 13. 13. 13. 13. 13.],0.4605001641497639
1,0:00:01.837791,1.8377909660339355,2,1,7,[13. 13. 13. 13. 13. 13. 13. 13. 13. 13. 13. 13. 13. 13. 13. 13. 13. 13. 13. 13. 13. 13. 13. 13. 13. 13. 13.],0.4605001641497639
1,0:00:01.837791,1.8377909660339355,2,1,8,[13. 13. 13. 13. 13. 13. 13. 13. 13. 13. 13. 13. 13. 13. 13. 13. 13. 13. 13. 13. 13. 13. 13. 13. 13. 13. 13.],0.4605001641497639
1,0:00:01.837791,1.8377909660339355,2,1,9,[13. 13. 13. 13. 13. 13. 13. 13. 13. 13. 13. 13. 13. 13. 13. 13. 13. 13. 13. 13. 13. 13. 13. 13. 13. 13. 13.],0.4605001641497639
1,0:00:01.837791,1.8377909660339355,2,1,10,[13. 13. 13. 13. 13. 13. 13. 13. 13. 13. 13. 13. 13. 13. 13. 13. 13. 13. 13. 13. 13. 13. 13. 13. 13. 13. 13.],0.4605001641497639
1,0:00:01.837791,1.8377909660339355,2,1,11,[13. 13. 13. 13. 13. 13. 13. 13. 13. 13. 13. 13. 13. 13. 13. 13. 13. 13. 13. 13. 13. 13. 13. 13. 13. 13. 13.],0.4605001641497639
1,0:00:01.837791,1.8377909660339355,2,1,12,[13. 13. 13. 13. 13. 13. 13. 13. 13. 13. 13. 13. 13. 13. 13. 13. 13. 13. 13. 13. 13. 13. 13. 13. 13. 13. 13.],0.4605001641497639
1,0:00:01.837791,1.8377909660339355,2,1,13,[13. 13. 13. 13. 13. 13. 13. 13. 13. 13. 13. 13. 13. 13. 13. 13. 13. 13. 13. 13. 13. 13. 13. 13. 13. 13. 13.],0.4605001641497639
1,0:00:01.837791,1.8377909660339355,2,1,14,[13. 13. 13. 13. 13. 13. 13. 13. 13. 13. 13. 13. 13. 13. 13. 13. 13. 13. 13. 13. 13. 13. 13. 13. 13. 13. 13.],0.4605001641497639
1,0:00:01.837791,1.8377909660339355,2,1,15,[13. 13. 13. 13. 13. 13. 13. 13. 13. 13. 13. 13. 13. 13. 13. 13. 13. 13. 13. 13. 13. 13. 13. 13. 13. 13. 13.],0.4605001641497639
1,0:00:01.837791,1.8377909660339355,2,1,16,[13. 13. 13. 13. 13. 13. 13. 13. 13. 13. 13. 13. 13. 13. 13. 13. 13. 13. 13. 13. 13. 13. 13. 13. 13. 13. 13.],0.4605001641497639
1,0:00:01.837791,1.8377909660339355,2,1,17,[13. 13. 13. 13. 13. 13. 13. 13. 13. 13. 13. 13. 13. 13. 13. 13. 13. 13. 13. 13. 13. 13. 13. 13. 13. 13. 13.],0.4605001641497639
1,0:00:01.837791,1.8377909660339355,2,1,18,[13. 13. 13. 13. 13. 13. 13. 13. 13. 13. 13. 13. 13. 13. 13. 13. 13. 13. 13. 13. 13. 13. 13. 13. 13. 13. 13.],0.4605001641497639
1,0:00:01.837791,1.8377909660339355,2,1,19,[13. 13. 13. 13. 13. 13. 13. 13. 13. 13. 13. 13. 13. 13. 13. 13. 13. 13. 13. 13. 13. 13. 13. 13. 13. 13. 13.],0.4605001641497639
1,0:00:01.837791,1.8377909660339355,2,1,20,[13. 13. 13. 13. 13. 13. 13. 13. 13. 13. 13. 13. 13. 13. 13. 13. 13. 13. 13. 13. 13. 13. 13. 13. 13. 13. 13.],0.4605001641497639
1,0:00:01.837791,1.8377909660339355,2,1,21,[13. 13. 13. 13. 13. 13. 13. 13. 13. 13. 13. 13. 13. 13. 13. 13. 13. 13. 13. 13. 13. 13. 13. 13. 13. 13. 13.],0.4605001641497639
1,0:00:01.837791,1.8377909660339355,2,1,22,[13. 13. 13. 13. 13. 13. 13. 13. 13. 13. 13. 13. 13. 13. 13. 13. 13. 13. 13. 13. 13. 13. 13. 13. 13. 13. 13.],0.4605001641497639
1,0:00:01.837791,1.8377909660339355,2,1,23,[13. 13. 13. 13. 13. 13. 13. 13. 13. 13. 13. 13. 13. 13. 13. 13. 13. 13. 13. 13. 13. 13. 13. 13. 13. 13. 13.],0.4605001641497639
1,0:00:01.837791,1.8377909660339355,2,1,24,[13. 13. 13. 13. 13. 13. 13. 13. 13. 13. 13. 13. 13. 13. 13. 13. 13. 13. 13. 13. 13. 13. 13. 13. 13. 13. 13.],0.4605001641497639
1,0:00:01.837791,1.8377909660339355,2,1,25,[13. 13. 13. 13. 13. 13. 13. 13. 13. 13. 13. 13. 13. 13. 13. 13. 13. 13. 13. 13. 13. 13. 13. 13. 13. 13. 13.],0.4605001641497639
1,0:00:01.837791,1.8377909660339355,2,1,26,[13. 13. 13. 13. 13. 13. 13. 13. 13. 13. 13. 13. 13. 13. 13. 13. 13. 13. 13. 13. 13. 13. 13. 13. 13. 13. 13.],0.4605001641497639
1,0:00:01.837791,1.8377909660339355,2,1,27,[13. 13. 13. 13. 13. 13. 13. 13. 13. 13. 13. 13. 13. 13. 13. 13. 13. 13. 13. 13. 13. 13. 13. 13. 13. 13. 13.],0.4605001641497639
1,0:00:01.837791,1.8377909660339355,2,1,28,[13. 13. 13. 13. 13. 13. 13. 13. 13. 13. 13. 13. 13. 13. 13. 13. 13. 13. 13. 13. 13. 13. 13. 13. 13. 13. 13.],0.4605001641497639
1,0:00:01.837791,1.8377909660339355,2,1,29,[13. 13. 13. 13. 13. 13. 13. 13. 13. 13. 13. 13. 13. 13. 13. 13. 13. 13. 13. 13. 13. 13. 13. 13. 13. 13. 13.],0.4605001641497639
1,0:00:01.837791,1.8377909660339355,2,1,30,[13. 13. 13. 13. 13. 13. 13. 13. 13. 13. 13. 13. 13. 13. 13. 13. 13. 13. 13. 13. 13. 13. 13. 13. 13. 13. 13.],0.4605001641497639
1,0:00:01.837791,1.8377909660339355,2,1,31,[13. 13. 13. 13. 13. 13. 13. 13. 13. 13. 13. 13. 13. 13. 13. 13. 13. 13. 13. 13. 13. 13. 13. 13. 13. 13. 13.],0.4605001641497639
1,0:00:01.837791,1.8377909660339355,2,1,32,[13. 13. 13. 13. 13. 13. 13. 13. 13. 13. 13. 13. 13. 13. 13. 13. 13. 13. 13. 13. 13. 13. 13. 13. 13. 13. 13.],0.4605001641497639
1,0:00:01.837791,1.8377909660339355,2,1,33,[13. 13. 13. 13. 13. 13. 13. 13. 13. 13. 13. 13. 13. 13. 13. 13. 13. 13. 13. 13. 13. 13. 13. 13. 13. 13. 13.],0.4605001641497639
1,0:00:01.837791,1.8377909660339355,2,1,34,[13. 13. 13. 13. 13. 13. 13. 13. 13. 13. 13. 13. 13. 13. 13. 13. 13. 13. 13. 13. 13. 13. 13. 13. 13. 13. 13.],0.4605001641497639
1,0:00:01.837791,1.8377909660339355,2,1,35,[13. 13. 13. 13. 13. 13. 13. 13. 13. 13. 13. 13. 13. 13. 13. 13. 13. 13. 13. 13. 13. 13. 13. 13. 13. 13. 13.],0.4605001641497639
1,0:00:01.837791,1.8377909660339355,2,1,36,[13. 13. 13. 13. 13. 13. 13. 13. 13. 13. 13. 13. 13. 13. 13. 13. 13. 13. 13. 13. 13. 13. 13. 13. 13. 13. 13.],0.4605001641497639
1,0:00:01.837791,1.8377909660339355,2,1,37,[13. 13. 13. 13. 13. 13. 13. 13. 13. 13. 13. 13. 13. 13. 13. 13. 13. 13. 13. 13. 13. 13. 13. 13. 13. 13. 13.],0.4605001641497639
1,0:00:01.837791,1.8377909660339355,2,1,38,[13. 13. 13. 13. 13. 13. 13. 13. 13. 13. 13. 13. 13. 13. 13. 13. 13. 13. 13. 13. 13. 13. 13. 13. 13. 13. 13.],0.4605001641497639
1,0:00:01.837791,1.8377909660339355,2,1,39,[13. 13. 13. 13. 13. 13. 13. 13. 13. 13. 13. 13. 13. 13. 13. 13. 13. 13. 13. 13. 13. 13. 13. 13. 13. 13. 13.],0.4605001641497639
1,0:00:01.837791,1.8377909660339355,2,1,40,[13. 13. 13. 13. 13. 13. 13. 13. 13. 13. 13. 13. 13. 13. 13. 13. 13. 13. 13. 13. 13. 13. 13. 13. 13. 13. 13.],0.4605001641497639
1,0:00:01.837791,1.8377909660339355,2,1,41,[13. 13. 13. 13. 13. 13. 13. 13. 13. 13. 13. 13. 13. 13. 13. 13. 13. 13. 13. 13. 13. 13. 13. 13. 13. 13. 13.],0.4605001641497639
1,0:00:01.837791,1.8377909660339355,2,1,42,[13. 13. 13. 13. 13. 13. 13. 13. 13. 13. 13. 13. 13. 13. 13. 13. 13. 13. 13. 13. 13. 13. 13. 13. 13. 13. 13.],0.4605001641497639
1,0:00:01.837791,1.8377909660339355,2,1,43,[13. 13. 13. 13. 13. 13. 13. 13. 13. 13. 13. 13. 13. 13. 13. 13. 13. 13. 13. 13. 13. 13. 13. 13. 13. 13. 13.],0.4605001641497639
1,0:00:01.837791,1.8377909660339355,2,1,44,[13. 13. 13. 13. 13. 13. 13. 13. 13. 13. 13. 13. 13. 13. 13. 13. 13. 13. 13. 13. 13. 13. 13. 13. 13. 13. 13.],0.4605001641497639
1,0:00:01.837791,1.8377909660339355,2,1,45,[13. 13. 13. 13. 13. 13. 13. 13. 13. 13. 13. 13. 13. 13. 13. 13. 13. 13. 13. 13. 13. 13. 13. 13. 13. 13. 13.],0.4605001641497639
1,0:00:01.837791,1.8377909660339355,2,1,46,[13. 13. 13. 13. 13. 13. 13. 13. 13. 13. 13. 13. 13. 13. 13. 13. 13. 13. 13. 13. 13. 13. 13. 13. 13. 13. 13.],0.4605001641497639
1,0:00:01.837791,1.8377909660339355,2,1,47,[13. 13. 13. 13. 13. 13. 13. 13. 13. 13. 13. 13. 13. 13. 13. 13. 13. 13. 13. 13. 13. 13. 13. 13. 13. 13. 13.],0.4605001641497639
1,0:00:01.837791,1.8377909660339355,2,1,48,[13. 13. 13. 13. 13. 13. 13. 13. 13. 13. 13. 13. 13. 13. 13. 13. 13. 13. 13. 13. 13. 13. 13. 13. 13. 13. 13.],0.4605001641497639
1,0:00:01.837791,1.8377909660339355,2,1,49,[13. 13. 13. 13. 13. 13. 13. 13. 13. 13. 13. 13. 13. 13. 13. 13. 13. 13. 13. 13. 13. 13. 13. 13. 13. 13. 13.],0.4605001641497639
1,0:00:01.837791,1.8377909660339355,2,1,50,[13. 13. 13. 13. 13. 13. 13. 13. 13. 13. 13. 13. 13. 13. 13. 13. 13. 13. 13. 13. 13. 13. 13. 13. 13. 13. 13.],0.4605001641497639
1,0:00:01.837791,1.8377909660339355,2,1,51,[13. 13. 13. 13. 13. 13. 13. 13. 13. 13. 13. 13. 13. 13. 13. 13. 13. 13. 13. 13. 13. 13. 13. 13. 13. 13. 13.],0.4605001641497639
1,0:00:01.837791,1.8377909660339355,2,1,52,[13. 13. 13. 13. 13. 13. 13. 13. 13. 13. 13. 13. 13. 13. 13. 13. 13. 13. 13. 13. 13. 13. 13. 13. 13. 13. 13.],0.4605001641497639
1,0:00:01.837791,1.8377909660339355,2,1,53,[13. 13. 13. 13. 13. 13. 13. 13. 13. 13. 13. 13. 13. 13. 13. 13. 13. 13. 13. 13. 13. 13. 13. 13. 13. 13. 13.],0.4605001641497639
1,0:00:01.837791,1.8377909660339355,2,1,54,[13. 13. 13. 13. 13. 13. 13. 13. 13. 13. 13. 13. 13. 13. 13. 13. 13. 13. 13. 13. 13. 13. 13. 13. 13. 13. 13.],0.4605001641497639
1,0:00:01.837791,1.8377909660339355,2,1,55,[13. 13. 13. 13. 13. 13. 13. 13. 13. 13. 13. 13. 13. 13. 13. 13. 13. 13. 13. 13. 13. 13. 13. 13. 13. 13. 13.],0.4605001641497639
1,0:00:01.837791,1.8377909660339355,2,1,56,[13. 13. 13. 13. 13. 13. 13. 13. 13. 13. 13. 13. 13. 13. 13. 13. 13. 13. 13. 13. 13. 13. 13. 13. 13. 13. 13.],0.4605001641497639
1,0:00:01.837791,1.8377909660339355,2,1,57,[13. 13. 13. 13. 13. 13. 13. 13. 13. 13. 13. 13. 13. 13. 13. 13. 13. 13. 13. 13. 13. 13. 13. 13. 13. 13. 13.],0.4605001641497639
1,0:00:01.837791,1.8377909660339355,2,1,58,[13. 13. 13. 13. 13. 13. 13. 13. 13. 13. 13. 13. 13. 13. 13. 13. 13. 13. 13. 13. 13. 13. 13. 13. 13. 13. 13.],0.4605001641497639
1,0:00:01.837791,1.8377909660339355,2,1,59,[13. 13. 13. 13. 13. 13. 13. 13. 13. 13. 13. 13. 13. 13. 13. 13. 13. 13. 13. 13. 13. 13. 13. 13. 13. 13. 13.],0.4605001641497639
1,0:00:01.837791,1.8377909660339355,2,1,60,[13. 13. 13. 13. 13. 13. 13. 13. 13. 13. 13. 13. 13. 13. 13. 13. 13. 13. 13. 13. 13. 13. 13. 13. 13. 13. 13.],0.4605001641497639
1,0:00:01.837791,1.8377909660339355,2,1,61,[13. 13. 13. 13. 13. 13. 13. 13. 13. 13. 13. 13. 13. 13. 13. 13. 13. 13. 13. 13. 13. 13. 13. 13. 13. 13. 13.],0.4605001641497639
1,0:00:01.837791,1.8377909660339355,2,1,62,[13. 13. 13. 13. 13. 13. 13. 13. 13. 13. 13. 13. 13. 13. 13. 13. 13. 13. 13. 13. 13. 13. 13. 13. 13. 13. 13.],0.4605001641497639
1,0:00:01.837791,1.8377909660339355,2,1,63,[13. 13. 13. 13. 13. 13. 13. 13. 13. 13. 13. 13. 13. 13. 13. 13. 13. 13. 13. 13. 13. 13. 13. 13. 13. 13. 13.],0.4605001641497639
1,0:00:01.837791,1.8377909660339355,2,1,64,[13. 13. 13. 13. 13. 13. 13. 13. 13. 13. 13. 13. 13. 13. 13. 13. 13. 13. 13. 13. 13. 13. 13. 13. 13. 13. 13.],0.4605001641497639
1,0:00:01.837791,1.8377909660339355,2,1,65,[13. 13. 13. 13. 13. 13. 13. 13. 13. 13. 13. 13. 13. 13. 13. 13. 13. 13. 13. 13. 13. 13. 13. 13. 13. 13. 13.],0.4605001641497639
1,0:00:01.837791,1.8377909660339355,2,1,66,[13. 13. 13. 13. 13. 13. 13. 13. 13. 13. 13. 13. 13. 13. 13. 13. 13. 13. 13. 13. 13. 13. 13. 13. 13. 13. 13.],0.4605001641497639
1,0:00:01.837791,1.8377909660339355,2,1,67,[13. 13. 13. 13. 13. 13. 13. 13. 13. 13. 13. 13. 13. 13. 13. 13. 13. 13. 13. 13. 13. 13. 13. 13. 13. 13. 13.],0.4605001641497639
1,0:00:01.837791,1.8377909660339355,2,1,68,[13. 13. 13. 13. 13. 13. 13. 13. 13. 13. 13. 13. 13. 13. 13. 13. 13. 13. 13. 13. 13. 13. 13. 13. 13. 13. 13.],0.4605001641497639
1,0:00:01.837791,1.8377909660339355,2,1,69,[13. 13. 13. 13. 13. 13. 13. 13. 13. 13. 13. 13. 13. 13. 13. 13. 13. 13. 13. 13. 13. 13. 13. 13. 13. 13. 13.],0.4605001641497639
1,0:00:01.837791,1.8377909660339355,2,1,70,[13. 13. 13. 13. 13. 13. 13. 13. 13. 13. 13. 13. 13. 13. 13. 13. 13. 13. 13. 13. 13. 13. 13. 13. 13. 13. 13.],0.4605001641497639
1,0:00:01.837791,1.8377909660339355,2,1,71,[13. 13. 13. 13. 13. 13. 13. 13. 13. 13. 13. 13. 13. 13. 13. 13. 13. 13. 13. 13. 13. 13. 13. 13. 13. 13. 13.],0.4605001641497639
1,0:00:01.837791,1.8377909660339355,2,1,72,[13. 13. 13. 13. 13. 13. 13. 13. 13. 13. 13. 13. 13. 13. 13. 13. 13. 13. 13. 13. 13. 13. 13. 13. 13. 13. 13.],0.4605001641497639
1,0:00:01.837791,1.8377909660339355,2,1,73,[13. 13. 13. 13. 13. 13. 13. 13. 13. 13. 13. 13. 13. 13. 13. 13. 13. 13. 13. 13. 13. 13. 13. 13. 13. 13. 13.],0.4605001641497639
1,0:00:01.837791,1.8377909660339355,2,1,74,[13. 13. 13. 13. 13. 13. 13. 13. 13. 13. 13. 13. 13. 13. 13. 13. 13. 13. 13. 13. 13. 13. 13. 13. 13. 13. 13.],0.4605001641497639
1,0:00:01.837791,1.8377909660339355,2,1,75,[13. 13. 13. 13. 13. 13. 13. 13. 13. 13. 13. 13. 13. 13. 13. 13. 13. 13. 13. 13. 13. 13. 13. 13. 13. 13. 13.],0.4605001641497639
1,0:00:01.837791,1.8377909660339355,2,1,76,[13. 13. 13. 13. 13. 13. 13. 13. 13. 13. 13. 13. 13. 13. 13. 13. 13. 13. 13. 13. 13. 13. 13. 13. 13. 13. 13.],0.4605001641497639
1,0:00:01.837791,1.8377909660339355,2,1,77,[13. 13. 13. 13. 13. 13. 13. 13. 13. 13. 13. 13. 13. 13. 13. 13. 13. 13. 13. 13. 13. 13. 13. 13. 13. 13. 13.],0.4605001641497639
1,0:00:01.837791,1.8377909660339355,2,1,78,[13. 13. 13. 13. 13. 13. 13. 13. 13. 13. 13. 13. 13. 13. 13. 13. 13. 13. 13. 13. 13. 13. 13. 13. 13. 13. 13.],0.4605001641497639
1,0:00:01.837791,1.8377909660339355,2,1,79,[13. 13. 13. 13. 13. 13. 13. 13. 13. 13. 13. 13. 13. 13. 13. 13. 13. 13. 13. 13. 13. 13. 13. 13. 13. 13. 13.],0.4605001641497639
1,0:00:01.837791,1.8377909660339355,2,1,80,[13. 13. 13. 13. 13. 13. 13. 13. 13. 13. 13. 13. 13. 13. 13. 13. 13. 13. 13. 13. 13. 13. 13. 13. 13. 13. 13.],0.4605001641497639
1,0:00:01.837791,1.8377909660339355,2,1,81,[13. 13. 13. 13. 13. 13. 13. 13. 13. 13. 13. 13. 13. 13. 13. 13. 13. 13. 13. 13. 13. 13. 13. 13. 13. 13. 13.],0.4605001641497639
1,0:00:01.837791,1.8377909660339355,2,1,82,[13. 13. 13. 13. 13. 13. 13. 13. 13. 13. 13. 13. 13. 13. 13. 13. 13. 13. 13. 13. 13. 13. 13. 13. 13. 13. 13.],0.4605001641497639
1,0:00:01.837791,1.8377909660339355,2,1,83,[13. 13. 13. 13. 13. 13. 13. 13. 13. 13. 13. 13. 13. 13. 13. 13. 13. 13. 13. 13. 13. 13. 13. 13. 13. 13. 13.],0.4605001641497639
1,0:00:01.837791,1.8377909660339355,2,1,84,[13. 13. 13. 13. 13. 13. 13. 13. 13. 13. 13. 13. 13. 13. 13. 13. 13. 13. 13. 13. 13. 13. 13. 13. 13. 13. 13.],0.4605001641497639
1,0:00:01.837791,1.8377909660339355,2,1,85,[13. 13. 13. 13. 13. 13. 13. 13. 13. 13. 13. 13. 13. 13. 13. 13. 13. 13. 13. 13. 13. 13. 13. 13. 13. 13. 13.],0.4605001641497639
1,0:00:01.837791,1.8377909660339355,2,1,86,[13. 13. 13. 13. 13. 13. 13. 13. 13. 13. 13. 13. 13. 13. 13. 13. 13. 13. 13. 13. 13. 13. 13. 13. 13. 13. 13.],0.4605001641497639
1,0:00:01.837791,1.8377909660339355,2,1,87,[13. 13. 13. 13. 13. 13. 13. 13. 13. 13. 13. 13. 13. 13. 13. 13. 13. 13. 13. 13. 13. 13. 13. 13. 13. 13. 13.],0.4605001641497639
1,0:00:01.837791,1.8377909660339355,2,1,88,[13. 13. 13. 13. 13. 13. 13. 13. 13. 13. 13. 13. 13. 13. 13. 13. 13. 13. 13. 13. 13. 13. 13. 13. 13. 13. 13.],0.4605001641497639
1,0:00:01.837791,1.8377909660339355,2,1,89,[13. 13. 13. 13. 13. 13. 13. 13. 13. 13. 13. 13. 13. 13. 13. 13. 13. 13. 13. 13. 13. 13. 13. 13. 13. 13. 13.],0.4605001641497639
1,0:00:01.837791,1.8377909660339355,2,1,90,[13. 13. 13. 13. 13. 13. 13. 13. 13. 13. 13. 13. 13. 13. 13. 13. 13. 13. 13. 13. 13. 13. 13. 13. 13. 13. 13.],0.4605001641497639
1,0:00:01.837791,1.8377909660339355,2,1,91,[13. 13. 13. 13. 13. 13. 13. 13. 13. 13. 13. 13. 13. 13. 13. 13. 13. 13. 13. 13. 13. 13. 13. 13. 13. 13. 13.],0.4605001641497639
1,0:00:01.837791,1.8377909660339355,2,1,92,[13. 13. 13. 13. 13. 13. 13. 13. 13. 13. 13. 13. 13. 13. 13. 13. 13. 13. 13. 13. 13. 13. 13. 13. 13. 13. 13.],0.4605001641497639
1,0:00:01.837791,1.8377909660339355,2,1,93,[13. 13. 13. 13. 13. 13. 13. 13. 13. 13. 13. 13. 13. 13. 13. 13. 13. 13. 13. 13. 13. 13. 13. 13. 13. 13. 13.],0.4605001641497639
1,0:00:01.837791,1.8377909660339355,2,1,94,[13. 13. 13. 13. 13. 13. 13. 13. 13. 13. 13. 13. 13. 13. 13. 13. 13. 13. 13. 13. 13. 13. 13. 13. 13. 13. 13.],0.4605001641497639
1,0:00:01.837791,1.8377909660339355,2,1,95,[13. 13. 13. 13. 13. 13. 13. 13. 13. 13. 13. 13. 13. 13. 13. 13. 13. 13. 13. 13. 13. 13. 13. 13. 13. 13. 13.],0.4605001641497639
1,0:00:01.837791,1.8377909660339355,2,1,96,[13. 13. 13. 13. 13. 13. 13. 13. 13. 13. 13. 13. 13. 13. 13. 13. 13. 13. 13. 13. 13. 13. 13. 13. 13. 13. 13.],0.4605001641497639
1,0:00:01.837791,1.8377909660339355,2,1,97,[13. 13. 13. 13. 13. 13. 13. 13. 13. 13. 13. 13. 13. 13. 13. 13. 13. 13. 13. 13. 13. 13. 13. 13. 13. 13. 13.],0.4605001641497639
1,0:00:01.837791,1.8377909660339355,2,1,98,[13. 13. 13. 13. 13. 13. 13. 13. 13. 13. 13. 13. 13. 13. 13. 13. 13. 13. 13. 13. 13. 13. 13. 13. 13. 13. 13.],0.4605001641497639
1,0:00:01.837791,1.8377909660339355,2,1,99,[13. 13. 13. 13. 13. 13. 13. 13. 13. 13. 13. 13. 13. 13. 13. 13. 13. 13. 13. 13. 13. 13. 13. 13. 13. 13. 13.],0.4605001641497639
1,0:00:01.837791,1.8377909660339355,2,1,100,[13. 13. 13. 13. 13. 13. 13. 13. 13. 13. 13. 13. 13. 13. 13. 13. 13. 13. 13. 13. 13. 13. 13. 13. 13. 13. 13.],0.4605001641497639
1,0:00:01.796997,1.796997308731079,3,1,1,[13. 13. 13. 13. 13. 13. 13. 13. 13. 13. 13. 13. 13. 13. 13. 13. 13. 13. 13. 13. 13. 13. 13. 13. 13. 13. 13.],0.4121363052842394
1,0:00:01.796997,1.796997308731079,3,1,2,[13. 13. 13. 13. 13. 13. 13. 13. 13. 13. 13. 13. 13. 13. 13. 13. 13. 13. 13. 13. 13. 13. 13. 13. 13. 13. 13.],0.4121363052842394
1,0:00:01.796997,1.796997308731079,3,1,3,[13. 13. 13. 13. 13. 13. 13. 13. 13. 13. 13. 13. 13. 13. 13. 13. 13. 13. 13. 13. 13. 13. 13. 13. 13. 13. 13.],0.4121363052842394
1,0:00:01.796997,1.796997308731079,3,1,4,[13. 13. 13. 13. 13. 13. 13. 13. 13. 13. 13. 13. 13. 13. 13. 13. 13. 13. 13. 13. 13. 13. 13. 13. 13. 13. 13.],0.4121363052842394
1,0:00:01.796997,1.796997308731079,3,1,5,[13. 13. 13. 13. 13. 13. 13. 13. 13. 13. 13. 13. 13. 13. 13. 13. 13. 13. 13. 13. 13. 13. 13. 13. 13. 13. 13.],0.4121363052842394
1,0:00:01.796997,1.796997308731079,3,1,6,[13. 13. 13. 13. 13. 13. 13. 13. 13. 13. 13. 13. 13. 13. 13. 13. 13. 13. 13. 13. 13. 13. 13. 13. 13. 13. 13.],0.4121363052842394
1,0:00:01.796997,1.796997308731079,3,1,7,[13. 13. 13. 13. 13. 13. 13. 13. 13. 13. 13. 13. 13. 13. 13. 13. 13. 13. 13. 13. 13. 13. 13. 13. 13. 13. 13.],0.4121363052842394
1,0:00:01.796997,1.796997308731079,3,1,8,[13. 13. 13. 13. 13. 13. 13. 13. 13. 13. 13. 13. 13. 13. 13. 13. 13. 13. 13. 13. 13. 13. 13. 13. 13. 13. 13.],0.4121363052842394
1,0:00:01.796997,1.796997308731079,3,1,9,[13. 13. 13. 13. 13. 13. 13. 13. 13. 13. 13. 13. 13. 13. 13. 13. 13. 13. 13. 13. 13. 13. 13. 13. 13. 13. 13.],0.4121363052842394
1,0:00:01.796997,1.796997308731079,3,1,10,[13. 13. 13. 13. 13. 13. 13. 13. 13. 13. 13. 13. 13. 13. 13. 13. 13. 13. 13. 13. 13. 13. 13. 13. 13. 13. 13.],0.4121363052842394
1,0:00:01.796997,1.796997308731079,3,1,11,[13. 13. 13. 13. 13. 13. 13. 13. 13. 13. 13. 13. 13. 13. 13. 13. 13. 13. 13. 13. 13. 13. 13. 13. 13. 13. 13.],0.4121363052842394
1,0:00:01.796997,1.796997308731079,3,1,12,[13. 13. 13. 13. 13. 13. 13. 13. 13. 13. 13. 13. 13. 13. 13. 13. 13. 13. 13. 13. 13. 13. 13. 13. 13. 13. 13.],0.4121363052842394
1,0:00:01.796997,1.796997308731079,3,1,13,[13. 13. 13. 13. 13. 13. 13. 13. 13. 13. 13. 13. 13. 13. 13. 13. 13. 13. 13. 13. 13. 13. 13. 13. 13. 13. 13.],0.4121363052842394
1,0:00:01.796997,1.796997308731079,3,1,14,[13. 13. 13. 13. 13. 13. 13. 13. 13. 13. 13. 13. 13. 13. 13. 13. 13. 13. 13. 13. 13. 13. 13. 13. 13. 13. 13.],0.4121363052842394
1,0:00:01.796997,1.796997308731079,3,1,15,[13. 13. 13. 13. 13. 13. 13. 13. 13. 13. 13. 13. 13. 13. 13. 13. 13. 13. 13. 13. 13. 13. 13. 13. 13. 13. 13.],0.4121363052842394
1,0:00:01.796997,1.796997308731079,3,1,16,[13. 13. 13. 13. 13. 13. 13. 13. 13. 13. 13. 13. 13. 13. 13. 13. 13. 13. 13. 13. 13. 13. 13. 13. 13. 13. 13.],0.4121363052842394
1,0:00:01.796997,1.796997308731079,3,1,17,[13. 13. 13. 13. 13. 13. 13. 13. 13. 13. 13. 13. 13. 13. 13. 13. 13. 13. 13. 13. 13. 13. 13. 13. 13. 13. 13.],0.4121363052842394
1,0:00:01.796997,1.796997308731079,3,1,18,[13. 13. 13. 13. 13. 13. 13. 13. 13. 13. 13. 13. 13. 13. 13. 13. 13. 13. 13. 13. 13. 13. 13. 13. 13. 13. 13.],0.4121363052842394
1,0:00:01.796997,1.796997308731079,3,1,19,[13. 13. 13. 13. 13. 13. 13. 13. 13. 13. 13. 13. 13. 13. 13. 13. 13. 13. 13. 13. 13. 13. 13. 13. 13. 13. 13.],0.4121363052842394
1,0:00:01.796997,1.796997308731079,3,1,20,[13. 13. 13. 13. 13. 13. 13. 13. 13. 13. 13. 13. 13. 13. 13. 13. 13. 13. 13. 13. 13. 13. 13. 13. 13. 13. 13.],0.4121363052842394
1,0:00:01.796997,1.796997308731079,3,1,21,[13. 13. 13. 13. 13. 13. 13. 13. 13. 13. 13. 13. 13. 13. 13. 13. 13. 13. 13. 13. 13. 13. 13. 13. 13. 13. 13.],0.4121363052842394
1,0:00:01.796997,1.796997308731079,3,1,22,[13. 13. 13. 13. 13. 13. 13. 13. 13. 13. 13. 13. 13. 13. 13. 13. 13. 13. 13. 13. 13. 13. 13. 13. 13. 13. 13.],0.4121363052842394
1,0:00:01.796997,1.796997308731079,3,1,23,[13. 13. 13. 13. 13. 13. 13. 13. 13. 13. 13. 13. 13. 13. 13. 13. 13. 13. 13. 13. 13. 13. 13. 13. 13. 13. 13.],0.4121363052842394
1,0:00:01.796997,1.796997308731079,3,1,24,[13. 13. 13. 13. 13. 13. 13. 13. 13. 13. 13. 13. 13. 13. 13. 13. 13. 13. 13. 13. 13. 13. 13. 13. 13. 13. 13.],0.4121363052842394
1,0:00:01.796997,1.796997308731079,3,1,25,[13. 13. 13. 13. 13. 13. 13. 13. 13. 13. 13. 13. 13. 13. 13. 13. 13. 13. 13. 13. 13. 13. 13. 13. 13. 13. 13.],0.4121363052842394
1,0:00:01.796997,1.796997308731079,3,1,26,[13. 13. 13. 13. 13. 13. 13. 13. 13. 13. 13. 13. 13. 13. 13. 13. 13. 13. 13. 13. 13. 13. 13. 13. 13. 13. 13.],0.4121363052842394
1,0:00:01.796997,1.796997308731079,3,1,27,[13. 13. 13. 13. 13. 13. 13. 13. 13. 13. 13. 13. 13. 13. 13. 13. 13. 13. 13. 13. 13. 13. 13. 13. 13. 13. 13.],0.4121363052842394
1,0:00:01.796997,1.796997308731079,3,1,28,[13. 13. 13. 13. 13. 13. 13. 13. 13. 13. 13. 13. 13. 13. 13. 13. 13. 13. 13. 13. 13. 13. 13. 13. 13. 13. 13.],0.4121363052842394
1,0:00:01.796997,1.796997308731079,3,1,29,[13. 13. 13. 13. 13. 13. 13. 13. 13. 13. 13. 13. 13. 13. 13. 13. 13. 13. 13. 13. 13. 13. 13. 13. 13. 13. 13.],0.4121363052842394
1,0:00:01.796997,1.796997308731079,3,1,30,[13. 13. 13. 13. 13. 13. 13. 13. 13. 13. 13. 13. 13. 13. 13. 13. 13. 13. 13. 13. 13. 13. 13. 13. 13. 13. 13.],0.4121363052842394
1,0:00:01.796997,1.796997308731079,3,1,31,[13. 13. 13. 13. 13. 13. 13. 13. 13. 13. 13. 13. 13. 13. 13. 13. 13. 13. 13. 13. 13. 13. 13. 13. 13. 13. 13.],0.4121363052842394
1,0:00:01.796997,1.796997308731079,3,1,32,[13. 13. 13. 13. 13. 13. 13. 13. 13. 13. 13. 13. 13. 13. 13. 13. 13. 13. 13. 13. 13. 13. 13. 13. 13. 13. 13.],0.4121363052842394
1,0:00:01.796997,1.796997308731079,3,1,33,[13. 13. 13. 13. 13. 13. 13. 13. 13. 13. 13. 13. 13. 13. 13. 13. 13. 13. 13. 13. 13. 13. 13. 13. 13. 13. 13.],0.4121363052842394
1,0:00:01.796997,1.796997308731079,3,1,34,[13. 13. 13. 13. 13. 13. 13. 13. 13. 13. 13. 13. 13. 13. 13. 13. 13. 13. 13. 13. 13. 13. 13. 13. 13. 13. 13.],0.4121363052842394
1,0:00:01.796997,1.796997308731079,3,1,35,[13. 13. 13. 13. 13. 13. 13. 13. 13. 13. 13. 13. 13. 13. 13. 13. 13. 13. 13. 13. 13. 13. 13. 13. 13. 13. 13.],0.4121363052842394
1,0:00:01.796997,1.796997308731079,3,1,36,[13. 13. 13. 13. 13. 13. 13. 13. 13. 13. 13. 13. 13. 13. 13. 13. 13. 13. 13. 13. 13. 13. 13. 13. 13. 13. 13.],0.4121363052842394
1,0:00:01.796997,1.796997308731079,3,1,37,[13. 13. 13. 13. 13. 13. 13. 13. 13. 13. 13. 13. 13. 13. 13. 13. 13. 13. 13. 13. 13. 13. 13. 13. 13. 13. 13.],0.4121363052842394
1,0:00:01.796997,1.796997308731079,3,1,38,[13. 13. 13. 13. 13. 13. 13. 13. 13. 13. 13. 13. 13. 13. 13. 13. 13. 13. 13. 13. 13. 13. 13. 13. 13. 13. 13.],0.4121363052842394
1,0:00:01.796997,1.796997308731079,3,1,39,[13. 13. 13. 13. 13. 13. 13. 13. 13. 13. 13. 13. 13. 13. 13. 13. 13. 13. 13. 13. 13. 13. 13. 13. 13. 13. 13.],0.4121363052842394
1,0:00:01.796997,1.796997308731079,3,1,40,[13. 13. 13. 13. 13. 13. 13. 13. 13. 13. 13. 13. 13. 13. 13. 13. 13. 13. 13. 13. 13. 13. 13. 13. 13. 13. 13.],0.4121363052842394
1,0:00:01.796997,1.796997308731079,3,1,41,[13. 13. 13. 13. 13. 13. 13. 13. 13. 13. 13. 13. 13. 13. 13. 13. 13. 13. 13. 13. 13. 13. 13. 13. 13. 13. 13.],0.4121363052842394
1,0:00:01.796997,1.796997308731079,3,1,42,[13. 13. 13. 13. 13. 13. 13. 13. 13. 13. 13. 13. 13. 13. 13. 13. 13. 13. 13. 13. 13. 13. 13. 13. 13. 13. 13.],0.4121363052842394
1,0:00:01.796997,1.796997308731079,3,1,43,[13. 13. 13. 13. 13. 13. 13. 13. 13. 13. 13. 13. 13. 13. 13. 13. 13. 13. 13. 13. 13. 13. 13. 13. 13. 13. 13.],0.4121363052842394
1,0:00:01.796997,1.796997308731079,3,1,44,[13. 13. 13. 13. 13. 13. 13. 13. 13. 13. 13. 13. 13. 13. 13. 13. 13. 13. 13. 13. 13. 13. 13. 13. 13. 13. 13.],0.4121363052842394
1,0:00:01.796997,1.796997308731079,3,1,45,[13. 13. 13. 13. 13. 13. 13. 13. 13. 13. 13. 13. 13. 13. 13. 13. 13. 13. 13. 13. 13. 13. 13. 13. 13. 13. 13.],0.4121363052842394
1,0:00:01.796997,1.796997308731079,3,1,46,[13. 13. 13. 13. 13. 13. 13. 13. 13. 13. 13. 13. 13. 13. 13. 13. 13. 13. 13. 13. 13. 13. 13. 13. 13. 13. 13.],0.4121363052842394
1,0:00:01.796997,1.796997308731079,3,1,47,[13. 13. 13. 13. 13. 13. 13. 13. 13. 13. 13. 13. 13. 13. 13. 13. 13. 13. 13. 13. 13. 13. 13. 13. 13. 13. 13.],0.4121363052842394
1,0:00:01.796997,1.796997308731079,3,1,48,[13. 13. 13. 13. 13. 13. 13. 13. 13. 13. 13. 13. 13. 13. 13. 13. 13. 13. 13. 13. 13. 13. 13. 13. 13. 13. 13.],0.4121363052842394
1,0:00:01.796997,1.796997308731079,3,1,49,[13. 13. 13. 13. 13. 13. 13. 13. 13. 13. 13. 13. 13. 13. 13. 13. 13. 13. 13. 13. 13. 13. 13. 13. 13. 13. 13.],0.4121363052842394
1,0:00:01.796997,1.796997308731079,3,1,50,[13. 13. 13. 13. 13. 13. 13. 13. 13. 13. 13. 13. 13. 13. 13. 13. 13. 13. 13. 13. 13. 13. 13. 13. 13. 13. 13.],0.4121363052842394
1,0:00:01.796997,1.796997308731079,3,1,51,[13. 13. 13. 13. 13. 13. 13. 13. 13. 13. 13. 13. 13. 13. 13. 13. 13. 13. 13. 13. 13. 13. 13. 13. 13. 13. 13.],0.4121363052842394
1,0:00:01.796997,1.796997308731079,3,1,52,[13. 13. 13. 13. 13. 13. 13. 13. 13. 13. 13. 13. 13. 13. 13. 13. 13. 13. 13. 13. 13. 13. 13. 13. 13. 13. 13.],0.4121363052842394
1,0:00:01.796997,1.796997308731079,3,1,53,[13. 13. 13. 13. 13. 13. 13. 13. 13. 13. 13. 13. 13. 13. 13. 13. 13. 13. 13. 13. 13. 13. 13. 13. 13. 13. 13.],0.4121363052842394
1,0:00:01.796997,1.796997308731079,3,1,54,[13. 13. 13. 13. 13. 13. 13. 13. 13. 13. 13. 13. 13. 13. 13. 13. 13. 13. 13. 13. 13. 13. 13. 13. 13. 13. 13.],0.4121363052842394
1,0:00:01.796997,1.796997308731079,3,1,55,[13. 13. 13. 13. 13. 13. 13. 13. 13. 13. 13. 13. 13. 13. 13. 13. 13. 13. 13. 13. 13. 13. 13. 13. 13. 13. 13.],0.4121363052842394
1,0:00:01.796997,1.796997308731079,3,1,56,[13. 13. 13. 13. 13. 13. 13. 13. 13. 13. 13. 13. 13. 13. 13. 13. 13. 13. 13. 13. 13. 13. 13. 13. 13. 13. 13.],0.4121363052842394
1,0:00:01.796997,1.796997308731079,3,1,57,[13. 13. 13. 13. 13. 13. 13. 13. 13. 13. 13. 13. 13. 13. 13. 13. 13. 13. 13. 13. 13. 13. 13. 13. 13. 13. 13.],0.4121363052842394
1,0:00:01.796997,1.796997308731079,3,1,58,[13. 13. 13. 13. 13. 13. 13. 13. 13. 13. 13. 13. 13. 13. 13. 13. 13. 13. 13. 13. 13. 13. 13. 13. 13. 13. 13.],0.4121363052842394
1,0:00:01.796997,1.796997308731079,3,1,59,[13. 13. 13. 13. 13. 13. 13. 13. 13. 13. 13. 13. 13. 13. 13. 13. 13. 13. 13. 13. 13. 13. 13. 13. 13. 13. 13.],0.4121363052842394
1,0:00:01.796997,1.796997308731079,3,1,60,[13. 13. 13. 13. 13. 13. 13. 13. 13. 13. 13. 13. 13. 13. 13. 13. 13. 13. 13. 13. 13. 13. 13. 13. 13. 13. 13.],0.4121363052842394
1,0:00:01.796997,1.796997308731079,3,1,61,[13. 13. 13. 13. 13. 13. 13. 13. 13. 13. 13. 13. 13. 13. 13. 13. 13. 13. 13. 13. 13. 13. 13. 13. 13. 13. 13.],0.4121363052842394
1,0:00:01.796997,1.796997308731079,3,1,62,[13. 13. 13. 13. 13. 13. 13. 13. 13. 13. 13. 13. 13. 13. 13. 13. 13. 13. 13. 13. 13. 13. 13. 13. 13. 13. 13.],0.4121363052842394
1,0:00:01.796997,1.796997308731079,3,1,63,[13. 13. 13. 13. 13. 13. 13. 13. 13. 13. 13. 13. 13. 13. 13. 13. 13. 13. 13. 13. 13. 13. 13. 13. 13. 13. 13.],0.4121363052842394
1,0:00:01.796997,1.796997308731079,3,1,64,[13. 13. 13. 13. 13. 13. 13. 13. 13. 13. 13. 13. 13. 13. 13. 13. 13. 13. 13. 13. 13. 13. 13. 13. 13. 13. 13.],0.4121363052842394
1,0:00:01.796997,1.796997308731079,3,1,65,[13. 13. 13. 13. 13. 13. 13. 13. 13. 13. 13. 13. 13. 13. 13. 13. 13. 13. 13. 13. 13. 13. 13. 13. 13. 13. 13.],0.4121363052842394
1,0:00:01.796997,1.796997308731079,3,1,66,[13. 13. 13. 13. 13. 13. 13. 13. 13. 13. 13. 13. 13. 13. 13. 13. 13. 13. 13. 13. 13. 13. 13. 13. 13. 13. 13.],0.4121363052842394
1,0:00:01.796997,1.796997308731079,3,1,67,[13. 13. 13. 13. 13. 13. 13. 13. 13. 13. 13. 13. 13. 13. 13. 13. 13. 13. 13. 13. 13. 13. 13. 13. 13. 13. 13.],0.4121363052842394
1,0:00:01.796997,1.796997308731079,3,1,68,[13. 13. 13. 13. 13. 13. 13. 13. 13. 13. 13. 13. 13. 13. 13. 13. 13. 13. 13. 13. 13. 13. 13. 13. 13. 13. 13.],0.4121363052842394
1,0:00:01.796997,1.796997308731079,3,1,69,[13. 13. 13. 13. 13. 13. 13. 13. 13. 13. 13. 13. 13. 13. 13. 13. 13. 13. 13. 13. 13. 13. 13. 13. 13. 13. 13.],0.4121363052842394
1,0:00:01.796997,1.796997308731079,3,1,70,[13. 13. 13. 13. 13. 13. 13. 13. 13. 13. 13. 13. 13. 13. 13. 13. 13. 13. 13. 13. 13. 13. 13. 13. 13. 13. 13.],0.4121363052842394
1,0:00:01.796997,1.796997308731079,3,1,71,[13. 13. 13. 13. 13. 13. 13. 13. 13. 13. 13. 13. 13. 13. 13. 13. 13. 13. 13. 13. 13. 13. 13. 13. 13. 13. 13.],0.4121363052842394
1,0:00:01.796997,1.796997308731079,3,1,72,[13. 13. 13. 13. 13. 13. 13. 13. 13. 13. 13. 13. 13. 13. 13. 13. 13. 13. 13. 13. 13. 13. 13. 13. 13. 13. 13.],0.4121363052842394
1,0:00:01.796997,1.796997308731079,3,1,73,[13. 13. 13. 13. 13. 13. 13. 13. 13. 13. 13. 13. 13. 13. 13. 13. 13. 13. 13. 13. 13. 13. 13. 13. 13. 13. 13.],0.4121363052842394
1,0:00:01.796997,1.796997308731079,3,1,74,[13. 13. 13. 13. 13. 13. 13. 13. 13. 13. 13. 13. 13. 13. 13. 13. 13. 13. 13. 13. 13. 13. 13. 13. 13. 13. 13.],0.4121363052842394
1,0:00:01.796997,1.796997308731079,3,1,75,[13. 13. 13. 13. 13. 13. 13. 13. 13. 13. 13. 13. 13. 13. 13. 13. 13. 13. 13. 13. 13. 13. 13. 13. 13. 13. 13.],0.4121363052842394
1,0:00:01.796997,1.796997308731079,3,1,76,[13. 13. 13. 13. 13. 13. 13. 13. 13. 13. 13. 13. 13. 13. 13. 13. 13. 13. 13. 13. 13. 13. 13. 13. 13. 13. 13.],0.4121363052842394
1,0:00:01.796997,1.796997308731079,3,1,77,[13. 13. 13. 13. 13. 13. 13. 13. 13. 13. 13. 13. 13. 13. 13. 13. 13. 13. 13. 13. 13. 13. 13. 13. 13. 13. 13.],0.4121363052842394
1,0:00:01.796997,1.796997308731079,3,1,78,[13. 13. 13. 13. 13. 13. 13. 13. 13. 13. 13. 13. 13. 13. 13. 13. 13. 13. 13. 13. 13. 13. 13. 13. 13. 13. 13.],0.4121363052842394
1,0:00:01.796997,1.796997308731079,3,1,79,[13. 13. 13. 13. 13. 13. 13. 13. 13. 13. 13. 13. 13. 13. 13. 13. 13. 13. 13. 13. 13. 13. 13. 13. 13. 13. 13.],0.4121363052842394
1,0:00:01.796997,1.796997308731079,3,1,80,[13. 13. 13. 13. 13. 13. 13. 13. 13. 13. 13. 13. 13. 13. 13. 13. 13. 13. 13. 13. 13. 13. 13. 13. 13. 13. 13.],0.4121363052842394
1,0:00:01.796997,1.796997308731079,3,1,81,[13. 13. 13. 13. 13. 13. 13. 13. 13. 13. 13. 13. 13. 13. 13. 13. 13. 13. 13. 13. 13. 13. 13. 13. 13. 13. 13.],0.4121363052842394
1,0:00:01.796997,1.796997308731079,3,1,82,[13. 13. 13. 13. 13. 13. 13. 13. 13. 13. 13. 13. 13. 13. 13. 13. 13. 13. 13. 13. 13. 13. 13. 13. 13. 13. 13.],0.4121363052842394
1,0:00:01.796997,1.796997308731079,3,1,83,[13. 13. 13. 13. 13. 13. 13. 13. 13. 13. 13. 13. 13. 13. 13. 13. 13. 13. 13. 13. 13. 13. 13. 13. 13. 13. 13.],0.4121363052842394
1,0:00:01.796997,1.796997308731079,3,1,84,[13. 13. 13. 13. 13. 13. 13. 13. 13. 13. 13. 13. 13. 13. 13. 13. 13. 13. 13. 13. 13. 13. 13. 13. 13. 13. 13.],0.4121363052842394
1,0:00:01.796997,1.796997308731079,3,1,85,[13. 13. 13. 13. 13. 13. 13. 13. 13. 13. 13. 13. 13. 13. 13. 13. 13. 13. 13. 13. 13. 13. 13. 13. 13. 13. 13.],0.4121363052842394
1,0:00:01.796997,1.796997308731079,3,1,86,[13. 13. 13. 13. 13. 13. 13. 13. 13. 13. 13. 13. 13. 13. 13. 13. 13. 13. 13. 13. 13. 13. 13. 13. 13. 13. 13.],0.4121363052842394
1,0:00:01.796997,1.796997308731079,3,1,87,[13. 13. 13. 13. 13. 13. 13. 13. 13. 13. 13. 13. 13. 13. 13. 13. 13. 13. 13. 13. 13. 13. 13. 13. 13. 13. 13.],0.4121363052842394
1,0:00:01.796997,1.796997308731079,3,1,88,[13. 13. 13. 13. 13. 13. 13. 13. 13. 13. 13. 13. 13. 13. 13. 13. 13. 13. 13. 13. 13. 13. 13. 13. 13. 13. 13.],0.4121363052842394
1,0:00:01.796997,1.796997308731079,3,1,89,[13. 13. 13. 13. 13. 13. 13. 13. 13. 13. 13. 13. 13. 13. 13. 13. 13. 13. 13. 13. 13. 13. 13. 13. 13. 13. 13.],0.4121363052842394
1,0:00:01.796997,1.796997308731079,3,1,90,[13. 13. 13. 13. 13. 13. 13. 13. 13. 13. 13. 13. 13. 13. 13. 13. 13. 13. 13. 13. 13. 13. 13. 13. 13. 13. 13.],0.4121363052842394
1,0:00:01.796997,1.796997308731079,3,1,91,[13. 13. 13. 13. 13. 13. 13. 13. 13. 13. 13. 13. 13. 13. 13. 13. 13. 13. 13. 13. 13. 13. 13. 13. 13. 13. 13.],0.4121363052842394
1,0:00:01.796997,1.796997308731079,3,1,92,[13. 13. 13. 13. 13. 13. 13. 13. 13. 13. 13. 13. 13. 13. 13. 13. 13. 13. 13. 13. 13. 13. 13. 13. 13. 13. 13.],0.4121363052842394
1,0:00:01.796997,1.796997308731079,3,1,93,[13. 13. 13. 13. 13. 13. 13. 13. 13. 13. 13. 13. 13. 13. 13. 13. 13. 13. 13. 13. 13. 13. 13. 13. 13. 13. 13.],0.4121363052842394
1,0:00:01.796997,1.796997308731079,3,1,94,[13. 13. 13. 13. 13. 13. 13. 13. 13. 13. 13. 13. 13. 13. 13. 13. 13. 13. 13. 13. 13. 13. 13. 13. 13. 13. 13.],0.4121363052842394
1,0:00:01.796997,1.796997308731079,3,1,95,[13. 13. 13. 13. 13. 13. 13. 13. 13. 13. 13. 13. 13. 13. 13. 13. 13. 13. 13. 13. 13. 13. 13. 13. 13. 13. 13.],0.4121363052842394
1,0:00:01.796997,1.796997308731079,3,1,96,[13. 13. 13. 13. 13. 13. 13. 13. 13. 13. 13. 13. 13. 13. 13. 13. 13. 13. 13. 13. 13. 13. 13. 13. 13. 13. 13.],0.4121363052842394
1,0:00:01.796997,1.796997308731079,3,1,97,[13. 13. 13. 13. 13. 13. 13. 13. 13. 13. 13. 13. 13. 13. 13. 13. 13. 13. 13. 13. 13. 13. 13. 13. 13. 13. 13.],0.4121363052842394
1,0:00:01.796997,1.796997308731079,3,1,98,[13. 13. 13. 13. 13. 13. 13. 13. 13. 13. 13. 13. 13. 13. 13. 13. 13. 13. 13. 13. 13. 13. 13. 13. 13. 13. 13.],0.4121363052842394
1,0:00:01.796997,1.796997308731079,3,1,99,[13. 13. 13. 13. 13. 13. 13. 13. 13. 13. 13. 13. 13. 13. 13. 13. 13. 13. 13. 13. 13. 13. 13. 13. 13. 13. 13.],0.4121363052842394
1,0:00:01.796997,1.796997308731079,3,1,100,[13. 13. 13. 13. 13. 13. 13. 13. 13. 13. 13. 13. 13. 13. 13. 13. 13. 13. 13. 13. 13. 13. 13. 13. 13. 13. 13.],0.4121363052842394
