run,iteration.duration,iteration.duration_s,iteration.no,row.no,row.num_cycle,row.n_population,row.n_selection,row.n_offspring,row.n_mutated,row.n_survivors,row.mutsum.DELETE,row.mutsum.INSERT,row.mutsum.CHANGE,row.mutsum.TRANSP,row.mutsum.NONE,row.avg_zeros,row.avg_survivors_fitness,row.median_survivors_fitness,row.max_survivors_fitness
1,0:04:08.857908,248.8579080104828,2,1,0,100,25,200,200,25,1,60,62,59,18,0.019259259259259257,1.0182958832127529,1.0148718531550909,1.0831252407273224
1,0:04:08.857908,248.8579080104828,2,2,1,25,25,200,200,25,1,54,67,64,14,0.007407407407407407,1.0410080069720522,1.035821611988587,1.0831252407273224
1,0:04:08.857908,248.8579080104828,2,3,2,25,25,200,200,25,2,55,65,60,18,0.007407407407407407,1.0672108662037019,1.0653793308965183,1.1062378008064395
1,0:04:08.857908,248.8579080104828,2,4,3,25,25,200,200,25,3,57,59,67,14,0.025185185185185182,1.11503755211677,1.1062378008064395,1.1677378326321657
1,0:04:08.857908,248.8579080104828,2,5,4,25,25,200,200,25,2,60,62,59,17,0.06962962962962964,1.178081621860065,1.1721316552036956,1.2344349786637259
1,0:04:08.857908,248.8579080104828,2,6,5,25,25,200,200,25,2,64,65,53,16,0.1037037037037037,1.2130680772895646,1.2120995882508638,1.2472722361698203
1,0:04:08.857908,248.8579080104828,2,7,6,25,25,200,200,25,2,64,65,58,11,0.12,1.233148013925705,1.2297003331975715,1.2585040131081098
1,0:04:08.857908,248.8579080104828,2,8,7,25,25,200,200,25,3,76,51,52,18,0.16296296296296295,1.2992609203711476,1.293768974912193,1.3277967477717008
1,0:04:08.857908,248.8579080104828,2,9,8,25,25,200,200,25,3,56,63,63,15,0.19407407407407404,1.3289975793893987,1.3240643344415823,1.3662782636506852
1,0:04:08.857908,248.8579080104828,2,10,9,25,25,200,200,25,0,60,57,65,18,0.2074074074074074,1.3474011932872936,1.3430128050243764,1.3888087976908872
1,0:04:08.857908,248.8579080104828,2,11,10,25,25,200,200,25,5,52,70,55,18,0.2459259259259259,1.3720975446849104,1.3658905380394484,1.434399950545894
1,0:04:08.857908,248.8579080104828,2,12,11,25,25,200,200,25,0,56,77,52,15,0.2577777777777778,1.4128253213919266,1.4088854445842074,1.451404706463773
1,0:04:08.857908,248.8579080104828,2,13,12,25,25,200,200,25,1,61,61,63,14,0.30370370370370364,1.4595146825383294,1.452021943448448,1.5186301583260788
1,0:04:08.857908,248.8579080104828,2,14,13,25,25,200,200,25,2,64,66,48,20,0.3348148148148148,1.5112573322999128,1.5062650505929978,1.5441388234161613
1,0:04:08.857908,248.8579080104828,2,15,14,25,25,200,200,25,1,50,73,54,22,0.32888888888888884,1.5129666113785152,1.508704021571217,1.5441388234161613
1,0:04:08.857908,248.8579080104828,2,16,15,25,25,200,200,25,2,55,65,57,21,0.3896296296296296,1.5303950058177767,1.5266366433612508,1.57835410619351
1,0:04:08.857908,248.8579080104828,2,17,16,25,25,200,200,25,4,60,60,64,12,0.5022222222222221,1.5557041938350196,1.547959630376785,1.5876646331619988
1,0:04:08.857908,248.8579080104828,2,18,17,25,25,200,200,25,1,59,53,68,19,0.5688888888888889,1.5734397962685833,1.5730756467145832,1.5876646331619988
1,0:04:08.857908,248.8579080104828,2,19,18,25,25,200,200,25,2,48,65,64,21,0.5940740740740741,1.5826828650756233,1.580489660517283,1.5951644414280353
1,0:04:08.857908,248.8579080104828,2,20,19,25,25,200,200,25,1,60,64,58,17,0.602962962962963,1.617005508692555,1.6154594460503187,1.643556630630932
1,0:04:08.857908,248.8579080104828,2,21,20,25,25,200,200,25,1,58,57,63,21,0.5970370370370371,1.621892937991037,1.6203945247616751,1.643556630630932
1,0:04:08.857908,248.8579080104828,2,22,21,25,25,200,200,25,2,70,61,55,12,0.5985185185185186,1.622769385721704,1.6211274739450294,1.643556630630932
1,0:04:08.857908,248.8579080104828,2,23,22,25,25,200,200,25,1,58,72,54,15,0.5970370370370371,1.623883947675864,1.6220265287924258,1.643556630630932
1,0:04:08.857908,248.8579080104828,2,24,23,25,25,200,200,25,1,75,51,61,12,0.5925925925925927,1.623942508345136,1.6220265287924258,1.643556630630932
1,0:04:08.857908,248.8579080104828,2,25,24,25,25,200,200,25,3,58,57,65,17,0.5614814814814815,1.6271004382562904,1.6253300526178394,1.643556630630932
1,0:04:08.857908,248.8579080104828,2,26,25,25,25,200,200,25,1,46,69,75,9,0.5555555555555556,1.6341237823006372,1.6330500203044278,1.6443957987727025
1,0:04:08.857908,248.8579080104828,2,27,26,25,25,200,200,25,1,58,65,55,21,0.5822222222222222,1.6432854557749466,1.643376574159052,1.6533068111815035
1,0:04:08.857908,248.8579080104828,2,28,27,25,25,200,200,25,4,48,60,70,18,0.5866666666666667,1.6563370029517963,1.6545853782417181,1.6771983671220903
1,0:04:08.857908,248.8579080104828,2,29,28,25,25,200,200,25,1,62,64,54,19,0.6148148148148148,1.6612923533761352,1.6601850022776765,1.6771983671220903
1,0:04:08.857908,248.8579080104828,2,30,29,25,25,200,200,25,3,69,49,55,24,0.6148148148148148,1.6612923533761352,1.6601850022776765,1.6771983671220903
1,0:04:08.857908,248.8579080104828,2,31,30,25,25,200,200,25,0,58,65,61,16,0.6251851851851852,1.664177233649849,1.6625050101038483,1.6771983671220903
1,0:04:08.857908,248.8579080104828,2,32,31,25,25,200,200,25,2,57,61,66,14,0.6459259259259259,1.6799049411618399,1.678274960096384,1.6888308820140447
1,0:04:08.857908,248.8579080104828,2,33,32,25,25,200,200,25,1,65,63,50,21,0.6503703703703704,1.6803267808163804,1.68012392527885,1.6888308820140447
1,0:04:08.857908,248.8579080104828,2,34,33,25,25,200,200,25,3,57,58,67,15,0.6622222222222223,1.6813613758470125,1.6808728696837538,1.6888308820140447
1,0:04:08.857908,248.8579080104828,2,35,34,25,25,200,200,25,0,58,53,65,24,0.6622222222222223,1.6813613758470125,1.6808728696837538,1.6888308820140447
1,0:04:08.857908,248.8579080104828,2,36,35,25,25,200,200,25,2,60,62,59,17,0.6622222222222223,1.6813613758470125,1.6808728696837538,1.6888308820140447
1,0:04:08.857908,248.8579080104828,2,37,36,25,25,200,200,25,4,54,64,66,12,0.6622222222222223,1.6813613758470125,1.6808728696837538,1.6888308820140447
1,0:04:08.857908,248.8579080104828,2,38,37,25,25,200,200,25,2,60,59,54,25,0.6622222222222222,1.6813826955221065,1.6808728696837538,1.6888308820140447
1,0:04:08.857908,248.8579080104828,2,39,38,25,25,200,200,25,5,60,47,65,23,0.6622222222222222,1.6813826955221065,1.6808728696837538,1.6888308820140447
1,0:04:08.857908,248.8579080104828,2,40,39,25,25,200,200,25,3,62,52,67,16,0.6622222222222222,1.6813826955221065,1.6808728696837538,1.6888308820140447
1,0:04:08.857908,248.8579080104828,2,41,40,25,25,200,200,25,2,61,65,57,15,0.6666666666666667,1.6839657885506287,1.684178158181889,1.6888308820140447
1,0:04:08.857908,248.8579080104828,2,42,41,25,25,200,200,25,0,51,61,73,15,0.6681481481481483,1.6839820723727073,1.684178158181889,1.6888308820140447
1,0:04:08.857908,248.8579080104828,2,43,42,25,25,200,200,25,4,63,63,58,12,0.6696296296296296,1.688554042094252,1.6879262134154107,1.6939232666985151
1,0:04:08.857908,248.8579080104828,2,44,43,25,25,200,200,25,2,58,57,64,19,0.6874074074074074,1.6889125226228086,1.6886210417417011,1.6939232666985151
1,0:04:08.857908,248.8579080104828,2,45,44,25,25,200,200,25,1,58,64,59,18,0.7066666666666666,1.6899353215696342,1.6893247662455915,1.6939232666985151
1,0:04:08.857908,248.8579080104828,2,46,45,25,25,200,200,25,3,69,56,56,16,0.7066666666666666,1.6899353215696342,1.6893247662455915,1.6939232666985151
1,0:04:08.857908,248.8579080104828,2,47,46,25,25,200,200,25,3,54,55,68,20,0.705185185185185,1.6902823208844335,1.6896279067172093,1.6939232666985151
1,0:04:08.857908,248.8579080104828,2,48,47,25,25,200,200,25,5,51,69,53,22,0.705185185185185,1.6902823208844335,1.6896279067172093,1.6939232666985151
1,0:04:08.857908,248.8579080104828,2,49,48,25,25,200,200,25,3,57,61,61,18,0.705185185185185,1.6902823208844335,1.6896279067172093,1.6939232666985151
1,0:04:08.857908,248.8579080104828,2,50,49,25,25,200,200,25,3,61,54,64,18,0.705185185185185,1.6902823208844335,1.6896279067172093,1.6939232666985151
1,0:04:08.857908,248.8579080104828,2,51,50,25,25,200,200,25,3,57,63,64,13,0.7259259259259259,1.695306987728474,1.6952915781083107,1.6976365463781655
1,0:04:08.857908,248.8579080104828,2,52,51,25,25,200,200,25,1,51,73,56,19,0.7259259259259259,1.695306987728474,1.6952915781083107,1.6976365463781655
1,0:04:08.857908,248.8579080104828,2,53,52,25,25,200,200,25,2,67,59,48,24,0.7259259259259259,1.695306987728474,1.6952915781083107,1.6976365463781655
1,0:04:08.857908,248.8579080104828,2,54,53,25,25,200,200,25,2,52,73,58,15,0.7259259259259259,1.695306987728474,1.6952915781083107,1.6976365463781655
1,0:04:08.857908,248.8579080104828,2,55,54,25,25,200,200,25,2,57,64,56,21,0.7259259259259259,1.695306987728474,1.6952915781083107,1.6976365463781655
1,0:04:08.857908,248.8579080104828,2,56,55,25,25,200,200,25,5,61,69,50,15,0.7259259259259259,1.695306987728474,1.6952915781083107,1.6976365463781655
1,0:04:08.857908,248.8579080104828,2,57,56,25,25,200,200,25,1,66,61,56,16,0.7259259259259259,1.695306987728474,1.6952915781083107,1.6976365463781655
1,0:04:08.857908,248.8579080104828,2,58,57,25,25,200,200,25,0,65,60,59,16,0.7288888888888888,1.6954080504102789,1.6952915781083107,1.6976365463781655
1,0:04:08.857908,248.8579080104828,2,59,58,25,25,200,200,25,3,62,64,59,12,0.7288888888888888,1.6954080504102789,1.6952915781083107,1.6976365463781655
1,0:04:08.857908,248.8579080104828,2,60,59,25,25,200,200,25,2,57,63,60,18,0.7288888888888888,1.6954080504102789,1.6952915781083107,1.6976365463781655
1,0:04:08.857908,248.8579080104828,2,61,60,25,25,200,200,25,1,64,63,53,19,0.7288888888888888,1.6954080504102789,1.6952915781083107,1.6976365463781655
1,0:04:08.857908,248.8579080104828,2,62,61,25,25,200,200,25,0,64,58,64,14,0.7288888888888888,1.6954080504102789,1.6952915781083107,1.6976365463781655
1,0:04:08.857908,248.8579080104828,2,63,62,25,25,200,200,25,1,63,54,60,22,0.7288888888888888,1.6954080504102789,1.6952915781083107,1.6976365463781655
1,0:04:08.857908,248.8579080104828,2,64,63,25,25,200,200,25,3,57,52,61,27,0.7288888888888888,1.6954080504102789,1.6952915781083107,1.6976365463781655
1,0:04:08.857908,248.8579080104828,2,65,64,25,25,200,200,25,0,57,69,61,13,0.7333333333333333,1.695493772605701,1.6952915781083107,1.6976365463781655
1,0:04:08.857908,248.8579080104828,2,66,65,25,25,200,200,25,2,65,66,51,16,0.7333333333333333,1.695493772605701,1.6952915781083107,1.6976365463781655
1,0:04:08.857908,248.8579080104828,2,67,66,25,25,200,200,25,1,60,62,58,19,0.7333333333333333,1.695493772605701,1.6952915781083107,1.6976365463781655
1,0:04:08.857908,248.8579080104828,2,68,67,25,25,200,200,25,4,50,59,66,21,0.7333333333333333,1.695493772605701,1.6952915781083107,1.6976365463781655
1,0:04:08.857908,248.8579080104828,2,69,68,25,25,200,200,25,2,67,63,57,11,0.7377777777777778,1.6958392079980582,1.6952915781083107,1.6976365463781655
1,0:04:08.857908,248.8579080104828,2,70,69,25,25,200,200,25,5,67,58,51,19,0.7377777777777778,1.6958392079980582,1.6952915781083107,1.6976365463781655
1,0:04:08.857908,248.8579080104828,2,71,70,25,25,200,200,25,1,58,50,71,20,0.7437037037037038,1.6985855147775437,1.6982989436858564,1.701881082331945
1,0:04:08.857908,248.8579080104828,2,72,71,25,25,200,200,25,5,52,60,65,18,0.7437037037037038,1.6985855147775437,1.6982989436858564,1.701881082331945
1,0:04:08.857908,248.8579080104828,2,73,72,25,25,200,200,25,4,66,62,53,15,0.7481481481481481,1.6991572894824694,1.6982989436858564,1.7026857662234334
1,0:04:08.857908,248.8579080104828,2,74,73,25,25,200,200,25,1,68,59,51,21,0.7540740740740739,1.7135245459784085,1.711735750431739,1.716911281342231
1,0:04:08.857908,248.8579080104828,2,75,74,25,25,200,200,25,3,57,67,53,20,0.7540740740740739,1.7135245459784085,1.711735750431739,1.716911281342231
1,0:04:08.857908,248.8579080104828,2,76,75,25,25,200,200,25,3,50,55,65,27,0.7570370370370371,1.7186184913089815,1.7191238101022535,1.7198927398221784
1,0:04:08.857908,248.8579080104828,2,77,76,25,25,200,200,25,1,63,66,59,11,0.7570370370370371,1.7186184913089815,1.7191238101022535,1.7198927398221784
1,0:04:08.857908,248.8579080104828,2,78,77,25,25,200,200,25,1,57,71,54,17,0.7570370370370371,1.7186184913089815,1.7191238101022535,1.7198927398221784
1,0:04:08.857908,248.8579080104828,2,79,78,25,25,200,200,25,2,57,56,66,19,0.7570370370370371,1.7186184913089815,1.7191238101022535,1.7198927398221784
1,0:04:08.857908,248.8579080104828,2,80,79,25,25,200,200,25,2,64,55,71,8,0.7570370370370371,1.7186184913089815,1.7191238101022535,1.7198927398221784
1,0:04:08.857908,248.8579080104828,2,81,80,25,25,200,200,25,1,52,73,54,20,0.7570370370370371,1.7186184913089815,1.7191238101022535,1.7198927398221784
1,0:04:08.857908,248.8579080104828,2,82,81,25,25,200,200,25,2,63,66,60,9,0.7570370370370371,1.7186184913089815,1.7191238101022535,1.7198927398221784
1,0:04:08.857908,248.8579080104828,2,83,82,25,25,200,200,25,2,62,59,56,21,0.7570370370370371,1.7186184913089815,1.7191238101022535,1.7198927398221784
1,0:04:08.857908,248.8579080104828,2,84,83,25,25,200,200,25,2,73,50,64,11,0.7570370370370371,1.7186184913089815,1.7191238101022535,1.7198927398221784
1,0:04:08.857908,248.8579080104828,2,85,84,25,25,200,200,25,2,61,50,72,15,0.7570370370370371,1.7186184913089815,1.7191238101022535,1.7198927398221784
1,0:04:08.857908,248.8579080104828,2,86,85,25,25,200,200,25,1,60,54,66,19,0.7570370370370371,1.7186184913089815,1.7191238101022535,1.7198927398221784
1,0:04:08.857908,248.8579080104828,2,87,86,25,25,200,200,25,1,55,65,56,23,0.7570370370370371,1.7186184913089815,1.7191238101022535,1.7198927398221784
1,0:04:08.857908,248.8579080104828,2,88,87,25,25,200,200,25,1,67,53,62,17,0.7570370370370371,1.7186184913089815,1.7191238101022535,1.7198927398221784
1,0:04:08.857908,248.8579080104828,2,89,88,25,25,200,200,25,2,67,56,58,17,0.7600000000000001,1.7187980625680601,1.7191238101022535,1.722096148480925
1,0:04:08.857908,248.8579080104828,2,90,89,25,25,200,200,25,1,58,56,67,18,0.7600000000000001,1.7187980625680601,1.7191238101022535,1.722096148480925
1,0:04:08.857908,248.8579080104828,2,91,90,25,25,200,200,25,0,61,74,47,18,0.7600000000000001,1.7187980625680601,1.7191238101022535,1.722096148480925
1,0:04:08.857908,248.8579080104828,2,92,91,25,25,200,200,25,1,48,72,57,22,0.7600000000000001,1.7187980625680601,1.7191238101022535,1.722096148480925
1,0:04:08.857908,248.8579080104828,2,93,92,25,25,200,200,25,2,66,66,52,14,0.7600000000000001,1.7187980625680601,1.7191238101022535,1.722096148480925
1,0:04:08.857908,248.8579080104828,2,94,93,25,25,200,200,25,2,62,57,64,15,0.7600000000000001,1.7187980625680601,1.7191238101022535,1.722096148480925
1,0:04:08.857908,248.8579080104828,2,95,94,25,25,200,200,25,2,63,49,62,24,0.7600000000000001,1.7187980625680601,1.7191238101022535,1.722096148480925
1,0:04:08.857908,248.8579080104828,2,96,95,25,25,200,200,25,2,60,68,55,15,0.7600000000000001,1.7187980625680601,1.7191238101022535,1.722096148480925
1,0:04:08.857908,248.8579080104828,2,97,96,25,25,200,200,25,3,60,63,55,19,0.7600000000000001,1.7187980625680601,1.7191238101022535,1.722096148480925
1,0:04:08.857908,248.8579080104828,2,98,97,25,25,200,200,25,1,66,58,60,15,0.7600000000000001,1.7187980625680601,1.7191238101022535,1.722096148480925
1,0:04:08.857908,248.8579080104828,2,99,98,25,25,200,200,25,0,62,47,72,19,0.7600000000000001,1.7187980625680601,1.7191238101022535,1.722096148480925
1,0:04:08.857908,248.8579080104828,2,100,99,25,25,200,200,25,1,51,71,57,20,0.7600000000000001,1.7187980625680601,1.7191238101022535,1.722096148480925
1,0:04:08.857908,248.8579080104828,2,1,0,100,25,200,200,25,1,60,62,59,18,0.019259259259259257,1.0182958832127529,1.0148718531550909,1.0831252407273224
1,0:04:08.857908,248.8579080104828,2,2,1,25,25,200,200,25,1,54,67,64,14,0.007407407407407407,1.0410080069720522,1.035821611988587,1.0831252407273224
1,0:04:08.857908,248.8579080104828,2,3,2,25,25,200,200,25,2,55,65,60,18,0.007407407407407407,1.0672108662037019,1.0653793308965183,1.1062378008064395
1,0:04:08.857908,248.8579080104828,2,4,3,25,25,200,200,25,3,57,59,67,14,0.025185185185185182,1.11503755211677,1.1062378008064395,1.1677378326321657
1,0:04:08.857908,248.8579080104828,2,5,4,25,25,200,200,25,2,60,62,59,17,0.06962962962962964,1.178081621860065,1.1721316552036956,1.2344349786637259
1,0:04:08.857908,248.8579080104828,2,6,5,25,25,200,200,25,2,64,65,53,16,0.1037037037037037,1.2130680772895646,1.2120995882508638,1.2472722361698203
1,0:04:08.857908,248.8579080104828,2,7,6,25,25,200,200,25,2,64,65,58,11,0.12,1.233148013925705,1.2297003331975715,1.2585040131081098
1,0:04:08.857908,248.8579080104828,2,8,7,25,25,200,200,25,3,76,51,52,18,0.16296296296296295,1.2992609203711476,1.293768974912193,1.3277967477717008
1,0:04:08.857908,248.8579080104828,2,9,8,25,25,200,200,25,3,56,63,63,15,0.19407407407407404,1.3289975793893987,1.3240643344415823,1.3662782636506852
1,0:04:08.857908,248.8579080104828,2,10,9,25,25,200,200,25,0,60,57,65,18,0.2074074074074074,1.3474011932872936,1.3430128050243764,1.3888087976908872
1,0:04:08.857908,248.8579080104828,2,11,10,25,25,200,200,25,5,52,70,55,18,0.2459259259259259,1.3720975446849104,1.3658905380394484,1.434399950545894
1,0:04:08.857908,248.8579080104828,2,12,11,25,25,200,200,25,0,56,77,52,15,0.2577777777777778,1.4128253213919266,1.4088854445842074,1.451404706463773
1,0:04:08.857908,248.8579080104828,2,13,12,25,25,200,200,25,1,61,61,63,14,0.30370370370370364,1.4595146825383294,1.452021943448448,1.5186301583260788
1,0:04:08.857908,248.8579080104828,2,14,13,25,25,200,200,25,2,64,66,48,20,0.3348148148148148,1.5112573322999128,1.5062650505929978,1.5441388234161613
1,0:04:08.857908,248.8579080104828,2,15,14,25,25,200,200,25,1,50,73,54,22,0.32888888888888884,1.5129666113785152,1.508704021571217,1.5441388234161613
1,0:04:08.857908,248.8579080104828,2,16,15,25,25,200,200,25,2,55,65,57,21,0.3896296296296296,1.5303950058177767,1.5266366433612508,1.57835410619351
1,0:04:08.857908,248.8579080104828,2,17,16,25,25,200,200,25,4,60,60,64,12,0.5022222222222221,1.5557041938350196,1.547959630376785,1.5876646331619988
1,0:04:08.857908,248.8579080104828,2,18,17,25,25,200,200,25,1,59,53,68,19,0.5688888888888889,1.5734397962685833,1.5730756467145832,1.5876646331619988
1,0:04:08.857908,248.8579080104828,2,19,18,25,25,200,200,25,2,48,65,64,21,0.5940740740740741,1.5826828650756233,1.580489660517283,1.5951644414280353
1,0:04:08.857908,248.8579080104828,2,20,19,25,25,200,200,25,1,60,64,58,17,0.602962962962963,1.617005508692555,1.6154594460503187,1.643556630630932
1,0:04:08.857908,248.8579080104828,2,21,20,25,25,200,200,25,1,58,57,63,21,0.5970370370370371,1.621892937991037,1.6203945247616751,1.643556630630932
1,0:04:08.857908,248.8579080104828,2,22,21,25,25,200,200,25,2,70,61,55,12,0.5985185185185186,1.622769385721704,1.6211274739450294,1.643556630630932
1,0:04:08.857908,248.8579080104828,2,23,22,25,25,200,200,25,1,58,72,54,15,0.5970370370370371,1.623883947675864,1.6220265287924258,1.643556630630932
1,0:04:08.857908,248.8579080104828,2,24,23,25,25,200,200,25,1,75,51,61,12,0.5925925925925927,1.623942508345136,1.6220265287924258,1.643556630630932
1,0:04:08.857908,248.8579080104828,2,25,24,25,25,200,200,25,3,58,57,65,17,0.5614814814814815,1.6271004382562904,1.6253300526178394,1.643556630630932
1,0:04:08.857908,248.8579080104828,2,26,25,25,25,200,200,25,1,46,69,75,9,0.5555555555555556,1.6341237823006372,1.6330500203044278,1.6443957987727025
1,0:04:08.857908,248.8579080104828,2,27,26,25,25,200,200,25,1,58,65,55,21,0.5822222222222222,1.6432854557749466,1.643376574159052,1.6533068111815035
1,0:04:08.857908,248.8579080104828,2,28,27,25,25,200,200,25,4,48,60,70,18,0.5866666666666667,1.6563370029517963,1.6545853782417181,1.6771983671220903
1,0:04:08.857908,248.8579080104828,2,29,28,25,25,200,200,25,1,62,64,54,19,0.6148148148148148,1.6612923533761352,1.6601850022776765,1.6771983671220903
1,0:04:08.857908,248.8579080104828,2,30,29,25,25,200,200,25,3,69,49,55,24,0.6148148148148148,1.6612923533761352,1.6601850022776765,1.6771983671220903
1,0:04:08.857908,248.8579080104828,2,31,30,25,25,200,200,25,0,58,65,61,16,0.6251851851851852,1.664177233649849,1.6625050101038483,1.6771983671220903
1,0:04:08.857908,248.8579080104828,2,32,31,25,25,200,200,25,2,57,61,66,14,0.6459259259259259,1.6799049411618399,1.678274960096384,1.6888308820140447
1,0:04:08.857908,248.8579080104828,2,33,32,25,25,200,200,25,1,65,63,50,21,0.6503703703703704,1.6803267808163804,1.68012392527885,1.6888308820140447
1,0:04:08.857908,248.8579080104828,2,34,33,25,25,200,200,25,3,57,58,67,15,0.6622222222222223,1.6813613758470125,1.6808728696837538,1.6888308820140447
1,0:04:08.857908,248.8579080104828,2,35,34,25,25,200,200,25,0,58,53,65,24,0.6622222222222223,1.6813613758470125,1.6808728696837538,1.6888308820140447
1,0:04:08.857908,248.8579080104828,2,36,35,25,25,200,200,25,2,60,62,59,17,0.6622222222222223,1.6813613758470125,1.6808728696837538,1.6888308820140447
1,0:04:08.857908,248.8579080104828,2,37,36,25,25,200,200,25,4,54,64,66,12,0.6622222222222223,1.6813613758470125,1.6808728696837538,1.6888308820140447
1,0:04:08.857908,248.8579080104828,2,38,37,25,25,200,200,25,2,60,59,54,25,0.6622222222222222,1.6813826955221065,1.6808728696837538,1.6888308820140447
1,0:04:08.857908,248.8579080104828,2,39,38,25,25,200,200,25,5,60,47,65,23,0.6622222222222222,1.6813826955221065,1.6808728696837538,1.6888308820140447
1,0:04:08.857908,248.8579080104828,2,40,39,25,25,200,200,25,3,62,52,67,16,0.6622222222222222,1.6813826955221065,1.6808728696837538,1.6888308820140447
1,0:04:08.857908,248.8579080104828,2,41,40,25,25,200,200,25,2,61,65,57,15,0.6666666666666667,1.6839657885506287,1.684178158181889,1.6888308820140447
1,0:04:08.857908,248.8579080104828,2,42,41,25,25,200,200,25,0,51,61,73,15,0.6681481481481483,1.6839820723727073,1.684178158181889,1.6888308820140447
1,0:04:08.857908,248.8579080104828,2,43,42,25,25,200,200,25,4,63,63,58,12,0.6696296296296296,1.688554042094252,1.6879262134154107,1.6939232666985151
1,0:04:08.857908,248.8579080104828,2,44,43,25,25,200,200,25,2,58,57,64,19,0.6874074074074074,1.6889125226228086,1.6886210417417011,1.6939232666985151
1,0:04:08.857908,248.8579080104828,2,45,44,25,25,200,200,25,1,58,64,59,18,0.7066666666666666,1.6899353215696342,1.6893247662455915,1.6939232666985151
1,0:04:08.857908,248.8579080104828,2,46,45,25,25,200,200,25,3,69,56,56,16,0.7066666666666666,1.6899353215696342,1.6893247662455915,1.6939232666985151
1,0:04:08.857908,248.8579080104828,2,47,46,25,25,200,200,25,3,54,55,68,20,0.705185185185185,1.6902823208844335,1.6896279067172093,1.6939232666985151
1,0:04:08.857908,248.8579080104828,2,48,47,25,25,200,200,25,5,51,69,53,22,0.705185185185185,1.6902823208844335,1.6896279067172093,1.6939232666985151
1,0:04:08.857908,248.8579080104828,2,49,48,25,25,200,200,25,3,57,61,61,18,0.705185185185185,1.6902823208844335,1.6896279067172093,1.6939232666985151
1,0:04:08.857908,248.8579080104828,2,50,49,25,25,200,200,25,3,61,54,64,18,0.705185185185185,1.6902823208844335,1.6896279067172093,1.6939232666985151
1,0:04:08.857908,248.8579080104828,2,51,50,25,25,200,200,25,3,57,63,64,13,0.7259259259259259,1.695306987728474,1.6952915781083107,1.6976365463781655
1,0:04:08.857908,248.8579080104828,2,52,51,25,25,200,200,25,1,51,73,56,19,0.7259259259259259,1.695306987728474,1.6952915781083107,1.6976365463781655
1,0:04:08.857908,248.8579080104828,2,53,52,25,25,200,200,25,2,67,59,48,24,0.7259259259259259,1.695306987728474,1.6952915781083107,1.6976365463781655
1,0:04:08.857908,248.8579080104828,2,54,53,25,25,200,200,25,2,52,73,58,15,0.7259259259259259,1.695306987728474,1.6952915781083107,1.6976365463781655
1,0:04:08.857908,248.8579080104828,2,55,54,25,25,200,200,25,2,57,64,56,21,0.7259259259259259,1.695306987728474,1.6952915781083107,1.6976365463781655
1,0:04:08.857908,248.8579080104828,2,56,55,25,25,200,200,25,5,61,69,50,15,0.7259259259259259,1.695306987728474,1.6952915781083107,1.6976365463781655
1,0:04:08.857908,248.8579080104828,2,57,56,25,25,200,200,25,1,66,61,56,16,0.7259259259259259,1.695306987728474,1.6952915781083107,1.6976365463781655
1,0:04:08.857908,248.8579080104828,2,58,57,25,25,200,200,25,0,65,60,59,16,0.7288888888888888,1.6954080504102789,1.6952915781083107,1.6976365463781655
1,0:04:08.857908,248.8579080104828,2,59,58,25,25,200,200,25,3,62,64,59,12,0.7288888888888888,1.6954080504102789,1.6952915781083107,1.6976365463781655
1,0:04:08.857908,248.8579080104828,2,60,59,25,25,200,200,25,2,57,63,60,18,0.7288888888888888,1.6954080504102789,1.6952915781083107,1.6976365463781655
1,0:04:08.857908,248.8579080104828,2,61,60,25,25,200,200,25,1,64,63,53,19,0.7288888888888888,1.6954080504102789,1.6952915781083107,1.6976365463781655
1,0:04:08.857908,248.8579080104828,2,62,61,25,25,200,200,25,0,64,58,64,14,0.7288888888888888,1.6954080504102789,1.6952915781083107,1.6976365463781655
1,0:04:08.857908,248.8579080104828,2,63,62,25,25,200,200,25,1,63,54,60,22,0.7288888888888888,1.6954080504102789,1.6952915781083107,1.6976365463781655
1,0:04:08.857908,248.8579080104828,2,64,63,25,25,200,200,25,3,57,52,61,27,0.7288888888888888,1.6954080504102789,1.6952915781083107,1.6976365463781655
1,0:04:08.857908,248.8579080104828,2,65,64,25,25,200,200,25,0,57,69,61,13,0.7333333333333333,1.695493772605701,1.6952915781083107,1.6976365463781655
1,0:04:08.857908,248.8579080104828,2,66,65,25,25,200,200,25,2,65,66,51,16,0.7333333333333333,1.695493772605701,1.6952915781083107,1.6976365463781655
1,0:04:08.857908,248.8579080104828,2,67,66,25,25,200,200,25,1,60,62,58,19,0.7333333333333333,1.695493772605701,1.6952915781083107,1.6976365463781655
1,0:04:08.857908,248.8579080104828,2,68,67,25,25,200,200,25,4,50,59,66,21,0.7333333333333333,1.695493772605701,1.6952915781083107,1.6976365463781655
1,0:04:08.857908,248.8579080104828,2,69,68,25,25,200,200,25,2,67,63,57,11,0.7377777777777778,1.6958392079980582,1.6952915781083107,1.6976365463781655
1,0:04:08.857908,248.8579080104828,2,70,69,25,25,200,200,25,5,67,58,51,19,0.7377777777777778,1.6958392079980582,1.6952915781083107,1.6976365463781655
1,0:04:08.857908,248.8579080104828,2,71,70,25,25,200,200,25,1,58,50,71,20,0.7437037037037038,1.6985855147775437,1.6982989436858564,1.701881082331945
1,0:04:08.857908,248.8579080104828,2,72,71,25,25,200,200,25,5,52,60,65,18,0.7437037037037038,1.6985855147775437,1.6982989436858564,1.701881082331945
1,0:04:08.857908,248.8579080104828,2,73,72,25,25,200,200,25,4,66,62,53,15,0.7481481481481481,1.6991572894824694,1.6982989436858564,1.7026857662234334
1,0:04:08.857908,248.8579080104828,2,74,73,25,25,200,200,25,1,68,59,51,21,0.7540740740740739,1.7135245459784085,1.711735750431739,1.716911281342231
1,0:04:08.857908,248.8579080104828,2,75,74,25,25,200,200,25,3,57,67,53,20,0.7540740740740739,1.7135245459784085,1.711735750431739,1.716911281342231
1,0:04:08.857908,248.8579080104828,2,76,75,25,25,200,200,25,3,50,55,65,27,0.7570370370370371,1.7186184913089815,1.7191238101022535,1.7198927398221784
1,0:04:08.857908,248.8579080104828,2,77,76,25,25,200,200,25,1,63,66,59,11,0.7570370370370371,1.7186184913089815,1.7191238101022535,1.7198927398221784
1,0:04:08.857908,248.8579080104828,2,78,77,25,25,200,200,25,1,57,71,54,17,0.7570370370370371,1.7186184913089815,1.7191238101022535,1.7198927398221784
1,0:04:08.857908,248.8579080104828,2,79,78,25,25,200,200,25,2,57,56,66,19,0.7570370370370371,1.7186184913089815,1.7191238101022535,1.7198927398221784
1,0:04:08.857908,248.8579080104828,2,80,79,25,25,200,200,25,2,64,55,71,8,0.7570370370370371,1.7186184913089815,1.7191238101022535,1.7198927398221784
1,0:04:08.857908,248.8579080104828,2,81,80,25,25,200,200,25,1,52,73,54,20,0.7570370370370371,1.7186184913089815,1.7191238101022535,1.7198927398221784
1,0:04:08.857908,248.8579080104828,2,82,81,25,25,200,200,25,2,63,66,60,9,0.7570370370370371,1.7186184913089815,1.7191238101022535,1.7198927398221784
1,0:04:08.857908,248.8579080104828,2,83,82,25,25,200,200,25,2,62,59,56,21,0.7570370370370371,1.7186184913089815,1.7191238101022535,1.7198927398221784
1,0:04:08.857908,248.8579080104828,2,84,83,25,25,200,200,25,2,73,50,64,11,0.7570370370370371,1.7186184913089815,1.7191238101022535,1.7198927398221784
1,0:04:08.857908,248.8579080104828,2,85,84,25,25,200,200,25,2,61,50,72,15,0.7570370370370371,1.7186184913089815,1.7191238101022535,1.7198927398221784
1,0:04:08.857908,248.8579080104828,2,86,85,25,25,200,200,25,1,60,54,66,19,0.7570370370370371,1.7186184913089815,1.7191238101022535,1.7198927398221784
1,0:04:08.857908,248.8579080104828,2,87,86,25,25,200,200,25,1,55,65,56,23,0.7570370370370371,1.7186184913089815,1.7191238101022535,1.7198927398221784
1,0:04:08.857908,248.8579080104828,2,88,87,25,25,200,200,25,1,67,53,62,17,0.7570370370370371,1.7186184913089815,1.7191238101022535,1.7198927398221784
1,0:04:08.857908,248.8579080104828,2,89,88,25,25,200,200,25,2,67,56,58,17,0.7600000000000001,1.7187980625680601,1.7191238101022535,1.722096148480925
1,0:04:08.857908,248.8579080104828,2,90,89,25,25,200,200,25,1,58,56,67,18,0.7600000000000001,1.7187980625680601,1.7191238101022535,1.722096148480925
1,0:04:08.857908,248.8579080104828,2,91,90,25,25,200,200,25,0,61,74,47,18,0.7600000000000001,1.7187980625680601,1.7191238101022535,1.722096148480925
1,0:04:08.857908,248.8579080104828,2,92,91,25,25,200,200,25,1,48,72,57,22,0.7600000000000001,1.7187980625680601,1.7191238101022535,1.722096148480925
1,0:04:08.857908,248.8579080104828,2,93,92,25,25,200,200,25,2,66,66,52,14,0.7600000000000001,1.7187980625680601,1.7191238101022535,1.722096148480925
1,0:04:08.857908,248.8579080104828,2,94,93,25,25,200,200,25,2,62,57,64,15,0.7600000000000001,1.7187980625680601,1.7191238101022535,1.722096148480925
1,0:04:08.857908,248.8579080104828,2,95,94,25,25,200,200,25,2,63,49,62,24,0.7600000000000001,1.7187980625680601,1.7191238101022535,1.722096148480925
1,0:04:08.857908,248.8579080104828,2,96,95,25,25,200,200,25,2,60,68,55,15,0.7600000000000001,1.7187980625680601,1.7191238101022535,1.722096148480925
1,0:04:08.857908,248.8579080104828,2,97,96,25,25,200,200,25,3,60,63,55,19,0.7600000000000001,1.7187980625680601,1.7191238101022535,1.722096148480925
1,0:04:08.857908,248.8579080104828,2,98,97,25,25,200,200,25,1,66,58,60,15,0.7600000000000001,1.7187980625680601,1.7191238101022535,1.722096148480925
1,0:04:08.857908,248.8579080104828,2,99,98,25,25,200,200,25,0,62,47,72,19,0.7600000000000001,1.7187980625680601,1.7191238101022535,1.722096148480925
1,0:04:08.857908,248.8579080104828,2,100,99,25,25,200,200,25,1,51,71,57,20,0.7600000000000001,1.7187980625680601,1.7191238101022535,1.722096148480925
1,0:04:16.260882,256.26088213920593,4,1,0,100,25,200,200,25,0,68,49,59,24,0.025185185185185182,1.2019837051133233,1.2025238941419785,1.2494360234628874
1,0:04:16.260882,256.26088213920593,4,2,1,25,25,200,200,25,5,50,46,86,13,0.04148148148148148,1.242945499179765,1.2314093298153816,1.3378795256513814
1,0:04:16.260882,256.26088213920593,4,3,2,25,25,200,200,25,0,74,57,56,13,0.05481481481481481,1.2922939008740064,1.2805153913954528,1.3477998886098848
1,0:04:16.260882,256.26088213920593,4,4,3,25,25,200,200,25,0,54,56,70,20,0.10222222222222221,1.329066246804891,1.3275347233380153,1.3541909813567994
1,0:04:16.260882,256.26088213920593,4,5,4,25,25,200,200,25,1,53,66,54,26,0.11407407407407406,1.3598869263209539,1.3570620644884959,1.3997247808280067
1,0:04:16.260882,256.26088213920593,4,6,5,25,25,200,200,25,1,53,62,59,25,0.16592592592592592,1.4115519826572227,1.405244283344751,1.4480230691638543
1,0:04:16.260882,256.26088213920593,4,7,6,25,25,200,200,25,1,55,67,62,15,0.21037037037037035,1.419248305094512,1.4165536373981238,1.4480230691638543
1,0:04:16.260882,256.26088213920593,4,8,7,25,25,200,200,25,2,53,72,54,19,0.2325925925925926,1.4403526602426227,1.432531875349899,1.4599169723301193
1,0:04:16.260882,256.26088213920593,4,9,8,25,25,200,200,25,3,57,63,59,18,0.2711111111111111,1.4665577961463045,1.459670484288333,1.5016480268304588
1,0:04:16.260882,256.26088213920593,4,10,9,25,25,200,200,25,3,57,59,58,23,0.32296296296296295,1.5082643426828874,1.5060202342455433,1.5568092470332193
1,0:04:16.260882,256.26088213920593,4,11,10,25,25,200,200,25,3,53,63,66,15,0.354074074074074,1.5414751689041355,1.540469670524192,1.6024226708759837
1,0:04:16.260882,256.26088213920593,4,12,11,25,25,200,200,25,1,57,55,67,20,0.4029629629629629,1.5918944161913677,1.5835414908935916,1.6809278689700877
1,0:04:16.260882,256.26088213920593,4,13,12,25,25,200,200,25,3,68,54,57,18,0.4607407407407406,1.6243651872324245,1.619942576408824,1.6809278689700877
1,0:04:16.260882,256.26088213920593,4,14,13,25,25,200,200,25,4,64,59,56,17,0.49629629629629624,1.663546184750297,1.6599935950150937,1.691575410509124
1,0:04:16.260882,256.26088213920593,4,15,14,25,25,200,200,25,2,57,60,68,13,0.5185185185185185,1.6861940579555013,1.688414251142512,1.7027014443353252
1,0:04:16.260882,256.26088213920593,4,16,15,25,25,200,200,25,1,62,62,60,15,0.5525925925925925,1.706164241592542,1.7064755056314274,1.7440079022225539
1,0:04:16.260882,256.26088213920593,4,17,16,25,25,200,200,25,3,60,60,57,20,0.6014814814814815,1.7432867969624974,1.7392232036141255,1.7818977790576729
1,0:04:16.260882,256.26088213920593,4,18,17,25,25,200,200,25,2,59,60,53,26,0.6266666666666666,1.7679948074219838,1.766791857441119,1.7863583011404585
1,0:04:16.260882,256.26088213920593,4,19,18,25,25,200,200,25,2,68,64,55,11,0.6488888888888888,1.7783031729103842,1.7778148691128626,1.7863583011404585
1,0:04:16.260882,256.26088213920593,4,20,19,25,25,200,200,25,1,59,69,58,13,0.6444444444444444,1.7872459034224562,1.78691959422745,1.7930682856205793
1,0:04:16.260882,256.26088213920593,4,21,20,25,25,200,200,25,2,51,63,68,16,0.6474074074074073,1.7872803586690693,1.78691959422745,1.7930682856205793
1,0:04:16.260882,256.26088213920593,4,22,21,25,25,200,200,25,2,73,46,66,13,0.6488888888888888,1.7928680712583311,1.7932041470271765,1.796406027378953
1,0:04:16.260882,256.26088213920593,4,23,22,25,25,200,200,25,0,68,59,56,17,0.6592592592592592,1.7935717668139444,1.7934795887677593,1.796406027378953
1,0:04:16.260882,256.26088213920593,4,24,23,25,25,200,200,25,4,49,56,72,19,0.6666666666666667,1.793809380671008,1.7934917779176158,1.796406027378953
1,0:04:16.260882,256.26088213920593,4,25,24,25,25,200,200,25,0,64,63,60,13,0.6918518518518517,1.794638879049794,1.7944814581065762,1.796406027378953
1,0:04:16.260882,256.26088213920593,4,26,25,25,25,200,200,25,2,66,60,55,17,0.6933333333333332,1.7950977777348822,1.7951633247025711,1.796518790778046
1,0:04:16.260882,256.26088213920593,4,27,26,25,25,200,200,25,1,57,55,71,16,0.7333333333333333,1.7999448706281578,1.7997427396313384,1.8018130336875444
1,0:04:16.260882,256.26088213920593,4,28,27,25,25,200,200,25,1,68,48,63,20,0.7451851851851853,1.8021984773584294,1.802348224207841,1.8039857565159196
1,0:04:16.260882,256.26088213920593,4,29,28,25,25,200,200,25,1,57,61,60,21,0.7422222222222223,1.8022715212992457,1.802348224207841,1.8039857565159196
1,0:04:16.260882,256.26088213920593,4,30,29,25,25,200,200,25,1,58,61,59,21,0.7496296296296296,1.8023587936148338,1.802348224207841,1.8039857565159196
1,0:04:16.260882,256.26088213920593,4,31,30,25,25,200,200,25,5,59,61,49,26,0.7496296296296296,1.8023587936148338,1.802348224207841,1.8039857565159196
1,0:04:16.260882,256.26088213920593,4,32,31,25,25,200,200,25,2,63,58,64,13,0.762962962962963,1.8070293874846735,1.8065588510771224,1.8088981372564183
1,0:04:16.260882,256.26088213920593,4,33,32,25,25,200,200,25,2,67,56,63,12,0.762962962962963,1.8070293874846735,1.8065588510771224,1.8088981372564183
1,0:04:16.260882,256.26088213920593,4,34,33,25,25,200,200,25,2,57,56,62,23,0.762962962962963,1.8070293874846735,1.8065588510771224,1.8088981372564183
1,0:04:16.260882,256.26088213920593,4,35,34,25,25,200,200,25,4,58,61,65,12,0.762962962962963,1.8070293874846735,1.8065588510771224,1.8088981372564183
1,0:04:16.260882,256.26088213920593,4,36,35,25,25,200,200,25,3,53,68,55,21,0.762962962962963,1.8070293874846735,1.8065588510771224,1.8088981372564183
1,0:04:16.260882,256.26088213920593,4,37,36,25,25,200,200,25,1,61,57,61,20,0.762962962962963,1.8070293874846735,1.8065588510771224,1.8088981372564183
1,0:04:16.260882,256.26088213920593,4,38,37,25,25,200,200,25,1,66,63,52,18,0.762962962962963,1.8070293874846735,1.8065588510771224,1.8088981372564183
1,0:04:16.260882,256.26088213920593,4,39,38,25,25,200,200,25,2,62,61,57,18,0.762962962962963,1.8142469903665295,1.8144918122735885,1.8145333279906162
1,0:04:16.260882,256.26088213920593,4,40,39,25,25,200,200,25,4,66,54,58,18,0.762962962962963,1.8142469903665295,1.8144918122735885,1.8145333279906162
1,0:04:16.260882,256.26088213920593,4,41,40,25,25,200,200,25,3,56,51,64,26,0.762962962962963,1.8142469903665295,1.8144918122735885,1.8145333279906162
1,0:04:16.260882,256.26088213920593,4,42,41,25,25,200,200,25,1,62,57,59,21,0.762962962962963,1.8142469903665295,1.8144918122735885,1.8145333279906162
1,0:04:16.260882,256.26088213920593,4,43,42,25,25,200,200,25,1,65,57,69,8,0.762962962962963,1.8142469903665295,1.8144918122735885,1.8145333279906162
1,0:04:16.260882,256.26088213920593,4,44,43,25,25,200,200,25,3,53,60,64,20,0.762962962962963,1.8142469903665295,1.8144918122735885,1.8145333279906162
1,0:04:16.260882,256.26088213920593,4,45,44,25,25,200,200,25,1,65,66,49,19,0.762962962962963,1.8142469903665295,1.8144918122735885,1.8145333279906162
1,0:04:16.260882,256.26088213920593,4,46,45,25,25,200,200,25,3,60,57,69,11,0.7733333333333333,1.8166511185257619,1.816633207176205,1.8166739147888342
1,0:04:16.260882,256.26088213920593,4,47,46,25,25,200,200,25,2,64,53,70,11,0.7733333333333333,1.8166511185257619,1.816633207176205,1.8166739147888342
1,0:04:16.260882,256.26088213920593,4,48,47,25,25,200,200,25,5,58,53,65,19,0.7733333333333333,1.8166511185257619,1.816633207176205,1.8166739147888342
1,0:04:16.260882,256.26088213920593,4,49,48,25,25,200,200,25,4,59,72,49,16,0.7733333333333333,1.8166511185257619,1.816633207176205,1.8166739147888342
1,0:04:16.260882,256.26088213920593,4,50,49,25,25,200,200,25,1,51,61,71,16,0.7733333333333333,1.8166511185257619,1.816633207176205,1.8166739147888342
1,0:04:16.260882,256.26088213920593,4,51,50,25,25,200,200,25,1,59,58,67,15,0.7733333333333333,1.8166511185257619,1.816633207176205,1.8166739147888342
1,0:04:16.260882,256.26088213920593,4,52,51,25,25,200,200,25,3,58,61,60,18,0.7733333333333333,1.8166511185257619,1.816633207176205,1.8166739147888342
1,0:04:16.260882,256.26088213920593,4,53,52,25,25,200,200,25,1,68,51,67,13,0.7733333333333333,1.8166511185257619,1.816633207176205,1.8166739147888342
1,0:04:16.260882,256.26088213920593,4,54,53,25,25,200,200,25,0,63,63,61,13,0.7733333333333333,1.8166511185257619,1.816633207176205,1.8166739147888342
1,0:04:16.260882,256.26088213920593,4,55,54,25,25,200,200,25,1,53,69,64,13,0.7733333333333333,1.8166511185257619,1.816633207176205,1.8166739147888342
1,0:04:16.260882,256.26088213920593,4,56,55,25,25,200,200,25,4,56,66,59,15,0.8118518518518517,1.8169507035593406,1.8169290214259801,1.8174710747599936
1,0:04:16.260882,256.26088213920593,4,57,56,25,25,200,200,25,1,69,57,61,12,0.8118518518518517,1.8169507035593406,1.8169290214259801,1.8174710747599936
1,0:04:16.260882,256.26088213920593,4,58,57,25,25,200,200,25,0,61,50,69,20,0.8118518518518517,1.8169507035593406,1.8169290214259801,1.8174710747599936
1,0:04:16.260882,256.26088213920593,4,59,58,25,25,200,200,25,4,60,70,55,11,0.8118518518518517,1.8169507035593406,1.8169290214259801,1.8174710747599936
1,0:04:16.260882,256.26088213920593,4,60,59,25,25,200,200,25,1,60,62,59,18,0.8118518518518517,1.8169507035593406,1.8169290214259801,1.8174710747599936
1,0:04:16.260882,256.26088213920593,4,61,60,25,25,200,200,25,0,56,54,76,14,0.8118518518518517,1.8169507035593406,1.8169290214259801,1.8174710747599936
1,0:04:16.260882,256.26088213920593,4,62,61,25,25,200,200,25,0,60,71,50,19,0.8118518518518517,1.8169507035593406,1.8169290214259801,1.8174710747599936
1,0:04:16.260882,256.26088213920593,4,63,62,25,25,200,200,25,2,70,58,47,23,0.8118518518518517,1.8169507035593406,1.8169290214259801,1.8174710747599936
1,0:04:16.260882,256.26088213920593,4,64,63,25,25,200,200,25,1,49,69,70,11,0.8118518518518517,1.8169507035593406,1.8169290214259801,1.8174710747599936
1,0:04:16.260882,256.26088213920593,4,65,64,25,25,200,200,25,3,57,60,61,19,0.8118518518518517,1.8169507035593406,1.8169290214259801,1.8174710747599936
1,0:04:16.260882,256.26088213920593,4,66,65,25,25,200,200,25,0,70,58,52,20,0.8118518518518517,1.8169507035593406,1.8169290214259801,1.8174710747599936
1,0:04:16.260882,256.26088213920593,4,67,66,25,25,200,200,25,3,61,65,50,21,0.8118518518518517,1.8169507035593406,1.8169290214259801,1.8174710747599936
1,0:04:16.260882,256.26088213920593,4,68,67,25,25,200,200,25,1,60,62,57,20,0.8118518518518517,1.8169507035593406,1.8169290214259801,1.8174710747599936
1,0:04:16.260882,256.26088213920593,4,69,68,25,25,200,200,25,5,57,60,56,22,0.8118518518518517,1.8169507035593406,1.8169290214259801,1.8174710747599936
1,0:04:16.260882,256.26088213920593,4,70,69,25,25,200,200,25,2,62,56,63,17,0.8118518518518517,1.8169507035593406,1.8169290214259801,1.8174710747599936
1,0:04:16.260882,256.26088213920593,4,71,70,25,25,200,200,25,2,61,63,59,15,0.8118518518518517,1.8169507035593406,1.8169290214259801,1.8174710747599936
1,0:04:16.260882,256.26088213920593,4,72,71,25,25,200,200,25,4,59,53,63,21,0.8118518518518517,1.8169507035593406,1.8169290214259801,1.8174710747599936
1,0:04:16.260882,256.26088213920593,4,73,72,25,25,200,200,25,1,65,57,64,13,0.8118518518518517,1.8169507035593406,1.8169290214259801,1.8174710747599936
1,0:04:16.260882,256.26088213920593,4,74,73,25,25,200,200,25,1,54,71,55,19,0.8118518518518517,1.8169507035593406,1.8169290214259801,1.8174710747599936
1,0:04:16.260882,256.26088213920593,4,75,74,25,25,200,200,25,2,61,60,58,19,0.8118518518518517,1.8169507035593406,1.8169290214259801,1.8174710747599936
1,0:04:16.260882,256.26088213920593,4,76,75,25,25,200,200,25,1,66,51,61,21,0.8118518518518517,1.8169507035593406,1.8169290214259801,1.8174710747599936
1,0:04:16.260882,256.26088213920593,4,77,76,25,25,200,200,25,0,56,70,57,17,0.8118518518518517,1.8169507035593406,1.8169290214259801,1.8174710747599936
1,0:04:16.260882,256.26088213920593,4,78,77,25,25,200,200,25,1,58,49,75,17,0.8118518518518517,1.8169507035593406,1.8169290214259801,1.8174710747599936
1,0:04:16.260882,256.26088213920593,4,79,78,25,25,200,200,25,3,59,66,53,19,0.8118518518518517,1.8169507035593406,1.8169290214259801,1.8174710747599936
1,0:04:16.260882,256.26088213920593,4,80,79,25,25,200,200,25,6,60,45,72,17,0.8118518518518517,1.8169507035593406,1.8169290214259801,1.8174710747599936
1,0:04:16.260882,256.26088213920593,4,81,80,25,25,200,200,25,2,59,58,52,29,0.8118518518518517,1.8169507035593406,1.8169290214259801,1.8174710747599936
1,0:04:16.260882,256.26088213920593,4,82,81,25,25,200,200,25,2,57,65,63,13,0.8118518518518517,1.8169507035593406,1.8169290214259801,1.8174710747599936
1,0:04:16.260882,256.26088213920593,4,83,82,25,25,200,200,25,2,63,55,57,23,0.8118518518518517,1.8169507035593406,1.8169290214259801,1.8174710747599936
1,0:04:16.260882,256.26088213920593,4,84,83,25,25,200,200,25,4,58,63,56,19,0.8118518518518517,1.8169507035593406,1.8169290214259801,1.8174710747599936
1,0:04:16.260882,256.26088213920593,4,85,84,25,25,200,200,25,4,59,63,54,20,0.8118518518518517,1.8169507035593406,1.8169290214259801,1.8174710747599936
1,0:04:16.260882,256.26088213920593,4,86,85,25,25,200,200,25,1,61,58,55,25,0.8118518518518517,1.8169507035593406,1.8169290214259801,1.8174710747599936
1,0:04:16.260882,256.26088213920593,4,87,86,25,25,200,200,25,2,65,65,52,16,0.8118518518518517,1.8169507035593406,1.8169290214259801,1.8174710747599936
1,0:04:16.260882,256.26088213920593,4,88,87,25,25,200,200,25,2,55,74,49,20,0.8118518518518517,1.8169507035593406,1.8169290214259801,1.8174710747599936
1,0:04:16.260882,256.26088213920593,4,89,88,25,25,200,200,25,5,64,54,65,12,0.8118518518518517,1.8169507035593406,1.8169290214259801,1.8174710747599936
1,0:04:16.260882,256.26088213920593,4,90,89,25,25,200,200,25,0,57,67,61,15,0.8118518518518517,1.8169507035593406,1.8169290214259801,1.8174710747599936
1,0:04:16.260882,256.26088213920593,4,91,90,25,25,200,200,25,0,63,57,59,21,0.8118518518518517,1.8169507035593406,1.8169290214259801,1.8174710747599936
1,0:04:16.260882,256.26088213920593,4,92,91,25,25,200,200,25,3,50,67,61,19,0.8118518518518517,1.8169507035593406,1.8169290214259801,1.8174710747599936
1,0:04:16.260882,256.26088213920593,4,93,92,25,25,200,200,25,0,66,44,70,20,0.8118518518518517,1.8169507035593406,1.8169290214259801,1.8174710747599936
1,0:04:16.260882,256.26088213920593,4,94,93,25,25,200,200,25,2,60,63,52,23,0.8118518518518517,1.8169507035593406,1.8169290214259801,1.8174710747599936
1,0:04:16.260882,256.26088213920593,4,95,94,25,25,200,200,25,2,55,60,67,16,0.8059259259259258,1.8247930040025713,1.8245892133515742,1.8275952635914607
1,0:04:16.260882,256.26088213920593,4,96,95,25,25,200,200,25,2,72,55,45,26,0.8059259259259258,1.8247930040025713,1.8245892133515742,1.8275952635914607
1,0:04:16.260882,256.26088213920593,4,97,96,25,25,200,200,25,2,62,60,60,16,0.8059259259259258,1.8247930040025713,1.8245892133515742,1.8275952635914607
1,0:04:16.260882,256.26088213920593,4,98,97,25,25,200,200,25,0,58,59,69,14,0.8059259259259258,1.8247930040025713,1.8245892133515742,1.8275952635914607
1,0:04:16.260882,256.26088213920593,4,99,98,25,25,200,200,25,3,67,66,47,17,0.8059259259259258,1.8247930040025713,1.8245892133515742,1.8275952635914607
1,0:04:16.260882,256.26088213920593,4,100,99,25,25,200,200,25,1,60,44,65,30,0.8059259259259258,1.8247930040025713,1.8245892133515742,1.8275952635914607
1,0:04:16.260882,256.26088213920593,4,1,0,100,25,200,200,25,0,68,49,59,24,0.025185185185185182,1.2019837051133233,1.2025238941419785,1.2494360234628874
1,0:04:16.260882,256.26088213920593,4,2,1,25,25,200,200,25,5,50,46,86,13,0.04148148148148148,1.242945499179765,1.2314093298153816,1.3378795256513814
1,0:04:16.260882,256.26088213920593,4,3,2,25,25,200,200,25,0,74,57,56,13,0.05481481481481481,1.2922939008740064,1.2805153913954528,1.3477998886098848
1,0:04:16.260882,256.26088213920593,4,4,3,25,25,200,200,25,0,54,56,70,20,0.10222222222222221,1.329066246804891,1.3275347233380153,1.3541909813567994
1,0:04:16.260882,256.26088213920593,4,5,4,25,25,200,200,25,1,53,66,54,26,0.11407407407407406,1.3598869263209539,1.3570620644884959,1.3997247808280067
1,0:04:16.260882,256.26088213920593,4,6,5,25,25,200,200,25,1,53,62,59,25,0.16592592592592592,1.4115519826572227,1.405244283344751,1.4480230691638543
1,0:04:16.260882,256.26088213920593,4,7,6,25,25,200,200,25,1,55,67,62,15,0.21037037037037035,1.419248305094512,1.4165536373981238,1.4480230691638543
1,0:04:16.260882,256.26088213920593,4,8,7,25,25,200,200,25,2,53,72,54,19,0.2325925925925926,1.4403526602426227,1.432531875349899,1.4599169723301193
1,0:04:16.260882,256.26088213920593,4,9,8,25,25,200,200,25,3,57,63,59,18,0.2711111111111111,1.4665577961463045,1.459670484288333,1.5016480268304588
1,0:04:16.260882,256.26088213920593,4,10,9,25,25,200,200,25,3,57,59,58,23,0.32296296296296295,1.5082643426828874,1.5060202342455433,1.5568092470332193
1,0:04:16.260882,256.26088213920593,4,11,10,25,25,200,200,25,3,53,63,66,15,0.354074074074074,1.5414751689041355,1.540469670524192,1.6024226708759837
1,0:04:16.260882,256.26088213920593,4,12,11,25,25,200,200,25,1,57,55,67,20,0.4029629629629629,1.5918944161913677,1.5835414908935916,1.6809278689700877
1,0:04:16.260882,256.26088213920593,4,13,12,25,25,200,200,25,3,68,54,57,18,0.4607407407407406,1.6243651872324245,1.619942576408824,1.6809278689700877
1,0:04:16.260882,256.26088213920593,4,14,13,25,25,200,200,25,4,64,59,56,17,0.49629629629629624,1.663546184750297,1.6599935950150937,1.691575410509124
1,0:04:16.260882,256.26088213920593,4,15,14,25,25,200,200,25,2,57,60,68,13,0.5185185185185185,1.6861940579555013,1.688414251142512,1.7027014443353252
1,0:04:16.260882,256.26088213920593,4,16,15,25,25,200,200,25,1,62,62,60,15,0.5525925925925925,1.706164241592542,1.7064755056314274,1.7440079022225539
1,0:04:16.260882,256.26088213920593,4,17,16,25,25,200,200,25,3,60,60,57,20,0.6014814814814815,1.7432867969624974,1.7392232036141255,1.7818977790576729
1,0:04:16.260882,256.26088213920593,4,18,17,25,25,200,200,25,2,59,60,53,26,0.6266666666666666,1.7679948074219838,1.766791857441119,1.7863583011404585
1,0:04:16.260882,256.26088213920593,4,19,18,25,25,200,200,25,2,68,64,55,11,0.6488888888888888,1.7783031729103842,1.7778148691128626,1.7863583011404585
1,0:04:16.260882,256.26088213920593,4,20,19,25,25,200,200,25,1,59,69,58,13,0.6444444444444444,1.7872459034224562,1.78691959422745,1.7930682856205793
1,0:04:16.260882,256.26088213920593,4,21,20,25,25,200,200,25,2,51,63,68,16,0.6474074074074073,1.7872803586690693,1.78691959422745,1.7930682856205793
1,0:04:16.260882,256.26088213920593,4,22,21,25,25,200,200,25,2,73,46,66,13,0.6488888888888888,1.7928680712583311,1.7932041470271765,1.796406027378953
1,0:04:16.260882,256.26088213920593,4,23,22,25,25,200,200,25,0,68,59,56,17,0.6592592592592592,1.7935717668139444,1.7934795887677593,1.796406027378953
1,0:04:16.260882,256.26088213920593,4,24,23,25,25,200,200,25,4,49,56,72,19,0.6666666666666667,1.793809380671008,1.7934917779176158,1.796406027378953
1,0:04:16.260882,256.26088213920593,4,25,24,25,25,200,200,25,0,64,63,60,13,0.6918518518518517,1.794638879049794,1.7944814581065762,1.796406027378953
1,0:04:16.260882,256.26088213920593,4,26,25,25,25,200,200,25,2,66,60,55,17,0.6933333333333332,1.7950977777348822,1.7951633247025711,1.796518790778046
1,0:04:16.260882,256.26088213920593,4,27,26,25,25,200,200,25,1,57,55,71,16,0.7333333333333333,1.7999448706281578,1.7997427396313384,1.8018130336875444
1,0:04:16.260882,256.26088213920593,4,28,27,25,25,200,200,25,1,68,48,63,20,0.7451851851851853,1.8021984773584294,1.802348224207841,1.8039857565159196
1,0:04:16.260882,256.26088213920593,4,29,28,25,25,200,200,25,1,57,61,60,21,0.7422222222222223,1.8022715212992457,1.802348224207841,1.8039857565159196
1,0:04:16.260882,256.26088213920593,4,30,29,25,25,200,200,25,1,58,61,59,21,0.7496296296296296,1.8023587936148338,1.802348224207841,1.8039857565159196
1,0:04:16.260882,256.26088213920593,4,31,30,25,25,200,200,25,5,59,61,49,26,0.7496296296296296,1.8023587936148338,1.802348224207841,1.8039857565159196
1,0:04:16.260882,256.26088213920593,4,32,31,25,25,200,200,25,2,63,58,64,13,0.762962962962963,1.8070293874846735,1.8065588510771224,1.8088981372564183
1,0:04:16.260882,256.26088213920593,4,33,32,25,25,200,200,25,2,67,56,63,12,0.762962962962963,1.8070293874846735,1.8065588510771224,1.8088981372564183
1,0:04:16.260882,256.26088213920593,4,34,33,25,25,200,200,25,2,57,56,62,23,0.762962962962963,1.8070293874846735,1.8065588510771224,1.8088981372564183
1,0:04:16.260882,256.26088213920593,4,35,34,25,25,200,200,25,4,58,61,65,12,0.762962962962963,1.8070293874846735,1.8065588510771224,1.8088981372564183
1,0:04:16.260882,256.26088213920593,4,36,35,25,25,200,200,25,3,53,68,55,21,0.762962962962963,1.8070293874846735,1.8065588510771224,1.8088981372564183
1,0:04:16.260882,256.26088213920593,4,37,36,25,25,200,200,25,1,61,57,61,20,0.762962962962963,1.8070293874846735,1.8065588510771224,1.8088981372564183
1,0:04:16.260882,256.26088213920593,4,38,37,25,25,200,200,25,1,66,63,52,18,0.762962962962963,1.8070293874846735,1.8065588510771224,1.8088981372564183
1,0:04:16.260882,256.26088213920593,4,39,38,25,25,200,200,25,2,62,61,57,18,0.762962962962963,1.8142469903665295,1.8144918122735885,1.8145333279906162
1,0:04:16.260882,256.26088213920593,4,40,39,25,25,200,200,25,4,66,54,58,18,0.762962962962963,1.8142469903665295,1.8144918122735885,1.8145333279906162
1,0:04:16.260882,256.26088213920593,4,41,40,25,25,200,200,25,3,56,51,64,26,0.762962962962963,1.8142469903665295,1.8144918122735885,1.8145333279906162
1,0:04:16.260882,256.26088213920593,4,42,41,25,25,200,200,25,1,62,57,59,21,0.762962962962963,1.8142469903665295,1.8144918122735885,1.8145333279906162
1,0:04:16.260882,256.26088213920593,4,43,42,25,25,200,200,25,1,65,57,69,8,0.762962962962963,1.8142469903665295,1.8144918122735885,1.8145333279906162
1,0:04:16.260882,256.26088213920593,4,44,43,25,25,200,200,25,3,53,60,64,20,0.762962962962963,1.8142469903665295,1.8144918122735885,1.8145333279906162
1,0:04:16.260882,256.26088213920593,4,45,44,25,25,200,200,25,1,65,66,49,19,0.762962962962963,1.8142469903665295,1.8144918122735885,1.8145333279906162
1,0:04:16.260882,256.26088213920593,4,46,45,25,25,200,200,25,3,60,57,69,11,0.7733333333333333,1.8166511185257619,1.816633207176205,1.8166739147888342
1,0:04:16.260882,256.26088213920593,4,47,46,25,25,200,200,25,2,64,53,70,11,0.7733333333333333,1.8166511185257619,1.816633207176205,1.8166739147888342
1,0:04:16.260882,256.26088213920593,4,48,47,25,25,200,200,25,5,58,53,65,19,0.7733333333333333,1.8166511185257619,1.816633207176205,1.8166739147888342
1,0:04:16.260882,256.26088213920593,4,49,48,25,25,200,200,25,4,59,72,49,16,0.7733333333333333,1.8166511185257619,1.816633207176205,1.8166739147888342
1,0:04:16.260882,256.26088213920593,4,50,49,25,25,200,200,25,1,51,61,71,16,0.7733333333333333,1.8166511185257619,1.816633207176205,1.8166739147888342
1,0:04:16.260882,256.26088213920593,4,51,50,25,25,200,200,25,1,59,58,67,15,0.7733333333333333,1.8166511185257619,1.816633207176205,1.8166739147888342
1,0:04:16.260882,256.26088213920593,4,52,51,25,25,200,200,25,3,58,61,60,18,0.7733333333333333,1.8166511185257619,1.816633207176205,1.8166739147888342
1,0:04:16.260882,256.26088213920593,4,53,52,25,25,200,200,25,1,68,51,67,13,0.7733333333333333,1.8166511185257619,1.816633207176205,1.8166739147888342
1,0:04:16.260882,256.26088213920593,4,54,53,25,25,200,200,25,0,63,63,61,13,0.7733333333333333,1.8166511185257619,1.816633207176205,1.8166739147888342
1,0:04:16.260882,256.26088213920593,4,55,54,25,25,200,200,25,1,53,69,64,13,0.7733333333333333,1.8166511185257619,1.816633207176205,1.8166739147888342
1,0:04:16.260882,256.26088213920593,4,56,55,25,25,200,200,25,4,56,66,59,15,0.8118518518518517,1.8169507035593406,1.8169290214259801,1.8174710747599936
1,0:04:16.260882,256.26088213920593,4,57,56,25,25,200,200,25,1,69,57,61,12,0.8118518518518517,1.8169507035593406,1.8169290214259801,1.8174710747599936
1,0:04:16.260882,256.26088213920593,4,58,57,25,25,200,200,25,0,61,50,69,20,0.8118518518518517,1.8169507035593406,1.8169290214259801,1.8174710747599936
1,0:04:16.260882,256.26088213920593,4,59,58,25,25,200,200,25,4,60,70,55,11,0.8118518518518517,1.8169507035593406,1.8169290214259801,1.8174710747599936
1,0:04:16.260882,256.26088213920593,4,60,59,25,25,200,200,25,1,60,62,59,18,0.8118518518518517,1.8169507035593406,1.8169290214259801,1.8174710747599936
1,0:04:16.260882,256.26088213920593,4,61,60,25,25,200,200,25,0,56,54,76,14,0.8118518518518517,1.8169507035593406,1.8169290214259801,1.8174710747599936
1,0:04:16.260882,256.26088213920593,4,62,61,25,25,200,200,25,0,60,71,50,19,0.8118518518518517,1.8169507035593406,1.8169290214259801,1.8174710747599936
1,0:04:16.260882,256.26088213920593,4,63,62,25,25,200,200,25,2,70,58,47,23,0.8118518518518517,1.8169507035593406,1.8169290214259801,1.8174710747599936
1,0:04:16.260882,256.26088213920593,4,64,63,25,25,200,200,25,1,49,69,70,11,0.8118518518518517,1.8169507035593406,1.8169290214259801,1.8174710747599936
1,0:04:16.260882,256.26088213920593,4,65,64,25,25,200,200,25,3,57,60,61,19,0.8118518518518517,1.8169507035593406,1.8169290214259801,1.8174710747599936
1,0:04:16.260882,256.26088213920593,4,66,65,25,25,200,200,25,0,70,58,52,20,0.8118518518518517,1.8169507035593406,1.8169290214259801,1.8174710747599936
1,0:04:16.260882,256.26088213920593,4,67,66,25,25,200,200,25,3,61,65,50,21,0.8118518518518517,1.8169507035593406,1.8169290214259801,1.8174710747599936
1,0:04:16.260882,256.26088213920593,4,68,67,25,25,200,200,25,1,60,62,57,20,0.8118518518518517,1.8169507035593406,1.8169290214259801,1.8174710747599936
1,0:04:16.260882,256.26088213920593,4,69,68,25,25,200,200,25,5,57,60,56,22,0.8118518518518517,1.8169507035593406,1.8169290214259801,1.8174710747599936
1,0:04:16.260882,256.26088213920593,4,70,69,25,25,200,200,25,2,62,56,63,17,0.8118518518518517,1.8169507035593406,1.8169290214259801,1.8174710747599936
1,0:04:16.260882,256.26088213920593,4,71,70,25,25,200,200,25,2,61,63,59,15,0.8118518518518517,1.8169507035593406,1.8169290214259801,1.8174710747599936
1,0:04:16.260882,256.26088213920593,4,72,71,25,25,200,200,25,4,59,53,63,21,0.8118518518518517,1.8169507035593406,1.8169290214259801,1.8174710747599936
1,0:04:16.260882,256.26088213920593,4,73,72,25,25,200,200,25,1,65,57,64,13,0.8118518518518517,1.8169507035593406,1.8169290214259801,1.8174710747599936
1,0:04:16.260882,256.26088213920593,4,74,73,25,25,200,200,25,1,54,71,55,19,0.8118518518518517,1.8169507035593406,1.8169290214259801,1.8174710747599936
1,0:04:16.260882,256.26088213920593,4,75,74,25,25,200,200,25,2,61,60,58,19,0.8118518518518517,1.8169507035593406,1.8169290214259801,1.8174710747599936
1,0:04:16.260882,256.26088213920593,4,76,75,25,25,200,200,25,1,66,51,61,21,0.8118518518518517,1.8169507035593406,1.8169290214259801,1.8174710747599936
1,0:04:16.260882,256.26088213920593,4,77,76,25,25,200,200,25,0,56,70,57,17,0.8118518518518517,1.8169507035593406,1.8169290214259801,1.8174710747599936
1,0:04:16.260882,256.26088213920593,4,78,77,25,25,200,200,25,1,58,49,75,17,0.8118518518518517,1.8169507035593406,1.8169290214259801,1.8174710747599936
1,0:04:16.260882,256.26088213920593,4,79,78,25,25,200,200,25,3,59,66,53,19,0.8118518518518517,1.8169507035593406,1.8169290214259801,1.8174710747599936
1,0:04:16.260882,256.26088213920593,4,80,79,25,25,200,200,25,6,60,45,72,17,0.8118518518518517,1.8169507035593406,1.8169290214259801,1.8174710747599936
1,0:04:16.260882,256.26088213920593,4,81,80,25,25,200,200,25,2,59,58,52,29,0.8118518518518517,1.8169507035593406,1.8169290214259801,1.8174710747599936
1,0:04:16.260882,256.26088213920593,4,82,81,25,25,200,200,25,2,57,65,63,13,0.8118518518518517,1.8169507035593406,1.8169290214259801,1.8174710747599936
1,0:04:16.260882,256.26088213920593,4,83,82,25,25,200,200,25,2,63,55,57,23,0.8118518518518517,1.8169507035593406,1.8169290214259801,1.8174710747599936
1,0:04:16.260882,256.26088213920593,4,84,83,25,25,200,200,25,4,58,63,56,19,0.8118518518518517,1.8169507035593406,1.8169290214259801,1.8174710747599936
1,0:04:16.260882,256.26088213920593,4,85,84,25,25,200,200,25,4,59,63,54,20,0.8118518518518517,1.8169507035593406,1.8169290214259801,1.8174710747599936
1,0:04:16.260882,256.26088213920593,4,86,85,25,25,200,200,25,1,61,58,55,25,0.8118518518518517,1.8169507035593406,1.8169290214259801,1.8174710747599936
1,0:04:16.260882,256.26088213920593,4,87,86,25,25,200,200,25,2,65,65,52,16,0.8118518518518517,1.8169507035593406,1.8169290214259801,1.8174710747599936
1,0:04:16.260882,256.26088213920593,4,88,87,25,25,200,200,25,2,55,74,49,20,0.8118518518518517,1.8169507035593406,1.8169290214259801,1.8174710747599936
1,0:04:16.260882,256.26088213920593,4,89,88,25,25,200,200,25,5,64,54,65,12,0.8118518518518517,1.8169507035593406,1.8169290214259801,1.8174710747599936
1,0:04:16.260882,256.26088213920593,4,90,89,25,25,200,200,25,0,57,67,61,15,0.8118518518518517,1.8169507035593406,1.8169290214259801,1.8174710747599936
1,0:04:16.260882,256.26088213920593,4,91,90,25,25,200,200,25,0,63,57,59,21,0.8118518518518517,1.8169507035593406,1.8169290214259801,1.8174710747599936
1,0:04:16.260882,256.26088213920593,4,92,91,25,25,200,200,25,3,50,67,61,19,0.8118518518518517,1.8169507035593406,1.8169290214259801,1.8174710747599936
1,0:04:16.260882,256.26088213920593,4,93,92,25,25,200,200,25,0,66,44,70,20,0.8118518518518517,1.8169507035593406,1.8169290214259801,1.8174710747599936
1,0:04:16.260882,256.26088213920593,4,94,93,25,25,200,200,25,2,60,63,52,23,0.8118518518518517,1.8169507035593406,1.8169290214259801,1.8174710747599936
1,0:04:16.260882,256.26088213920593,4,95,94,25,25,200,200,25,2,55,60,67,16,0.8059259259259258,1.8247930040025713,1.8245892133515742,1.8275952635914607
1,0:04:16.260882,256.26088213920593,4,96,95,25,25,200,200,25,2,72,55,45,26,0.8059259259259258,1.8247930040025713,1.8245892133515742,1.8275952635914607
1,0:04:16.260882,256.26088213920593,4,97,96,25,25,200,200,25,2,62,60,60,16,0.8059259259259258,1.8247930040025713,1.8245892133515742,1.8275952635914607
1,0:04:16.260882,256.26088213920593,4,98,97,25,25,200,200,25,0,58,59,69,14,0.8059259259259258,1.8247930040025713,1.8245892133515742,1.8275952635914607
1,0:04:16.260882,256.26088213920593,4,99,98,25,25,200,200,25,3,67,66,47,17,0.8059259259259258,1.8247930040025713,1.8245892133515742,1.8275952635914607
1,0:04:16.260882,256.26088213920593,4,100,99,25,25,200,200,25,1,60,44,65,30,0.8059259259259258,1.8247930040025713,1.8245892133515742,1.8275952635914607
1,0:04:17.626145,257.6261451244354,6,1,0,100,25,200,200,25,3,75,47,56,19,0.022222222222222223,1.1475041829039783,1.1406407578069824,1.239833467356447
1,0:04:17.626145,257.6261451244354,6,2,1,25,25,200,200,25,0,61,56,63,20,0.016296296296296295,1.1918343488227257,1.1883318663473732,1.239833467356447
1,0:04:17.626145,257.6261451244354,6,3,2,25,25,200,200,25,0,54,77,51,18,0.014814814814814814,1.2234920466726922,1.222952025653759,1.2671587152639754
1,0:04:17.626145,257.6261451244354,6,4,3,25,25,200,200,25,4,57,62,48,29,0.007407407407407407,1.2546482868420883,1.2547717920755113,1.2995407001374528
1,0:04:17.626145,257.6261451244354,6,5,4,25,25,200,200,25,1,59,60,54,26,0.007407407407407407,1.294954005256463,1.2939121729956091,1.35351629810391
1,0:04:17.626145,257.6261451244354,6,6,5,25,25,200,200,25,3,62,57,62,16,0.014814814814814814,1.3093188563311562,1.3095161153887205,1.35351629810391
1,0:04:17.626145,257.6261451244354,6,7,6,25,25,200,200,25,2,65,59,54,20,0.04,1.342114886418,1.341108151366367,1.363647063002965
1,0:04:17.626145,257.6261451244354,6,8,7,25,25,200,200,25,1,51,62,62,24,0.0948148148148148,1.3694472100240807,1.3644497983658157,1.4118000025990076
1,0:04:17.626145,257.6261451244354,6,9,8,25,25,200,200,25,1,61,63,61,14,0.12296296296296295,1.4151231378685905,1.4124252948832634,1.4779254012290397
1,0:04:17.626145,257.6261451244354,6,10,9,25,25,200,200,25,2,60,62,61,15,0.17333333333333337,1.445789925866938,1.4361199706081076,1.5223675913035208
1,0:04:17.626145,257.6261451244354,6,11,10,25,25,200,200,25,3,60,58,58,21,0.21481481481481482,1.494391215694978,1.4851161576067597,1.5417278567098613
1,0:04:17.626145,257.6261451244354,6,12,11,25,25,200,200,25,1,63,54,55,27,0.26814814814814814,1.5274419870200955,1.5223675913035208,1.5661733972993388
1,0:04:17.626145,257.6261451244354,6,13,12,25,25,200,200,25,1,70,62,50,17,0.3081481481481481,1.567931320916411,1.5647617495001265,1.6137741160370953
1,0:04:17.626145,257.6261451244354,6,14,13,25,25,200,200,25,4,52,53,70,21,0.3466666666666666,1.6004201609035118,1.6008276937496584,1.644746847297335
1,0:04:17.626145,257.6261451244354,6,15,14,25,25,200,200,25,1,62,58,57,22,0.36740740740740735,1.617577741077539,1.6131261919461979,1.644746847297335
1,0:04:17.626145,257.6261451244354,6,16,15,25,25,200,200,25,1,67,63,47,22,0.4044444444444444,1.6371524085089952,1.6374505805075126,1.6723324091062026
1,0:04:17.626145,257.6261451244354,6,17,16,25,25,200,200,25,3,51,69,61,16,0.44,1.6548076769710764,1.6476765416470767,1.6764013614483746
1,0:04:17.626145,257.6261451244354,6,18,17,25,25,200,200,25,3,55,62,65,15,0.4770370370370371,1.6812658706582204,1.677120725198868,1.714269248943094
1,0:04:17.626145,257.6261451244354,6,19,18,25,25,200,200,25,2,61,68,55,14,0.5066666666666666,1.7041245263604867,1.7036909654493466,1.7629607533620462
1,0:04:17.626145,257.6261451244354,6,20,19,25,25,200,200,25,3,53,70,52,22,0.5422222222222222,1.7208674110652746,1.715264979741574,1.7629607533620462
1,0:04:17.626145,257.6261451244354,6,21,20,25,25,200,200,25,2,63,56,60,19,0.5644444444444444,1.7476899186285373,1.7445289455316015,1.7691916195711879
1,0:04:17.626145,257.6261451244354,6,22,21,25,25,200,200,25,2,53,66,66,13,0.5881481481481481,1.766042839435948,1.7623593165000626,1.784744627786865
1,0:04:17.626145,257.6261451244354,6,23,22,25,25,200,200,25,4,65,54,63,14,0.5881481481481481,1.7764485025155565,1.7746711593071334,1.7938344015323469
1,0:04:17.626145,257.6261451244354,6,24,23,25,25,200,200,25,3,63,69,49,16,0.6296296296296297,1.8062610332991766,1.8056929137262565,1.8171748731803499
1,0:04:17.626145,257.6261451244354,6,25,24,25,25,200,200,25,0,64,64,55,17,0.6296296296296297,1.8062610332991766,1.8056929137262565,1.8171748731803499
1,0:04:17.626145,257.6261451244354,6,26,25,25,25,200,200,25,1,45,69,64,21,0.6296296296296297,1.8062610332991766,1.8056929137262565,1.8171748731803499
1,0:04:17.626145,257.6261451244354,6,27,26,25,25,200,200,25,1,61,58,60,20,0.6296296296296297,1.8064310784716597,1.8056929137262565,1.8171748731803499
1,0:04:17.626145,257.6261451244354,6,28,27,25,25,200,200,25,2,59,51,74,14,0.6222222222222222,1.8065734969550693,1.8056929137262565,1.8171748731803499
1,0:04:17.626145,257.6261451244354,6,29,28,25,25,200,200,25,2,64,64,58,12,0.6148148148148148,1.8066195812372765,1.8056929137262565,1.8171748731803499
1,0:04:17.626145,257.6261451244354,6,30,29,25,25,200,200,25,2,61,63,51,23,0.6251851851851851,1.8073715709694744,1.807829646786113,1.8171748731803499
1,0:04:17.626145,257.6261451244354,6,31,30,25,25,200,200,25,3,56,59,67,15,0.6251851851851851,1.8074349718896905,1.807829646786113,1.8171748731803499
1,0:04:17.626145,257.6261451244354,6,32,31,25,25,200,200,25,1,53,56,58,32,0.6192592592592593,1.809153016957116,1.8084333015343552,1.8171748731803499
1,0:04:17.626145,257.6261451244354,6,33,32,25,25,200,200,25,3,59,57,58,23,0.6103703703703703,1.809792080984677,1.8091278744599228,1.8171748731803499
1,0:04:17.626145,257.6261451244354,6,34,33,25,25,200,200,25,2,68,47,60,23,0.5851851851851851,1.811215646576248,1.8104224730281384,1.8171748731803499
1,0:04:17.626145,257.6261451244354,6,35,34,25,25,200,200,25,3,57,73,52,15,0.5792592592592593,1.8243589797076527,1.8261369654558148,1.8269151040933576
1,0:04:17.626145,257.6261451244354,6,36,35,25,25,200,200,25,1,58,69,55,17,0.5792592592592593,1.8243589797076527,1.8261369654558148,1.8269151040933576
1,0:04:17.626145,257.6261451244354,6,37,36,25,25,200,200,25,2,64,57,54,23,0.5792592592592593,1.8243589797076527,1.8261369654558148,1.8269151040933576
1,0:04:17.626145,257.6261451244354,6,38,37,25,25,200,200,25,3,67,53,60,17,0.5792592592592593,1.8243589797076527,1.8261369654558148,1.8269151040933576
1,0:04:17.626145,257.6261451244354,6,39,38,25,25,200,200,25,4,67,46,63,20,0.5822222222222222,1.8244834145473394,1.8261369654558148,1.8269151040933576
1,0:04:17.626145,257.6261451244354,6,40,39,25,25,200,200,25,0,66,53,63,18,0.5925925925925926,1.8247279494676507,1.8261369654558148,1.8269151040933576
1,0:04:17.626145,257.6261451244354,6,41,40,25,25,200,200,25,2,50,55,75,18,0.5925925925925926,1.8247279494676507,1.8261369654558148,1.8269151040933576
1,0:04:17.626145,257.6261451244354,6,42,41,25,25,200,200,25,1,50,63,70,16,0.5940740740740741,1.8249754871114936,1.8261369654558148,1.8287065000378695
1,0:04:17.626145,257.6261451244354,6,43,42,25,25,200,200,25,3,61,49,65,22,0.5925925925925926,1.8387454006420436,1.8387411412941277,1.8387766358600914
1,0:04:17.626145,257.6261451244354,6,44,43,25,25,200,200,25,4,58,53,65,20,0.5925925925925926,1.8387454006420436,1.8387411412941277,1.8387766358600914
1,0:04:17.626145,257.6261451244354,6,45,44,25,25,200,200,25,3,59,63,55,20,0.5925925925925926,1.8387454006420436,1.8387411412941277,1.8387766358600914
1,0:04:17.626145,257.6261451244354,6,46,45,25,25,200,200,25,3,73,56,58,10,0.5925925925925926,1.8387454006420436,1.8387411412941277,1.8387766358600914
1,0:04:17.626145,257.6261451244354,6,47,46,25,25,200,200,25,2,62,59,58,19,0.5925925925925926,1.8387454006420436,1.8387411412941277,1.8387766358600914
1,0:04:17.626145,257.6261451244354,6,48,47,25,25,200,200,25,2,67,60,51,20,0.5925925925925926,1.8387454006420436,1.8387411412941277,1.8387766358600914
1,0:04:17.626145,257.6261451244354,6,49,48,25,25,200,200,25,0,57,50,72,21,0.5925925925925926,1.8387454006420436,1.8387411412941277,1.8387766358600914
1,0:04:17.626145,257.6261451244354,6,50,49,25,25,200,200,25,1,59,62,59,19,0.5925925925925926,1.8387454006420436,1.8387411412941277,1.8387766358600914
1,0:04:17.626145,257.6261451244354,6,51,50,25,25,200,200,25,3,65,56,63,13,0.5925925925925926,1.8387454006420436,1.8387411412941277,1.8387766358600914
1,0:04:17.626145,257.6261451244354,6,52,51,25,25,200,200,25,2,57,73,55,13,0.5925925925925926,1.8387454006420436,1.8387411412941277,1.8387766358600914
1,0:04:17.626145,257.6261451244354,6,53,52,25,25,200,200,25,2,64,64,54,16,0.5925925925925926,1.8387454006420436,1.8387411412941277,1.8387766358600914
1,0:04:17.626145,257.6261451244354,6,54,53,25,25,200,200,25,1,43,58,78,20,0.5925925925925926,1.8387454006420436,1.8387411412941277,1.8387766358600914
1,0:04:17.626145,257.6261451244354,6,55,54,25,25,200,200,25,0,70,58,53,19,0.5925925925925926,1.8387454006420436,1.8387411412941277,1.8387766358600914
1,0:04:17.626145,257.6261451244354,6,56,55,25,25,200,200,25,1,50,59,72,18,0.5925925925925926,1.8387454006420436,1.8387411412941277,1.8387766358600914
1,0:04:17.626145,257.6261451244354,6,57,56,25,25,200,200,25,1,53,54,71,21,0.5925925925925926,1.8387454006420436,1.8387411412941277,1.8387766358600914
1,0:04:17.626145,257.6261451244354,6,58,57,25,25,200,200,25,2,45,68,72,13,0.5925925925925926,1.8387454006420436,1.8387411412941277,1.8387766358600914
1,0:04:17.626145,257.6261451244354,6,59,58,25,25,200,200,25,1,67,57,52,23,0.5925925925925926,1.8387454006420436,1.8387411412941277,1.8387766358600914
1,0:04:17.626145,257.6261451244354,6,60,59,25,25,200,200,25,2,63,60,61,14,0.5925925925925926,1.8387454006420436,1.8387411412941277,1.8387766358600914
1,0:04:17.626145,257.6261451244354,6,61,60,25,25,200,200,25,3,61,57,60,19,0.5925925925925926,1.8387454006420436,1.8387411412941277,1.8387766358600914
1,0:04:17.626145,257.6261451244354,6,62,61,25,25,200,200,25,1,58,65,59,17,0.5925925925925926,1.8387454006420436,1.8387411412941277,1.8387766358600914
1,0:04:17.626145,257.6261451244354,6,63,62,25,25,200,200,25,1,59,61,66,13,0.5925925925925926,1.8387454006420436,1.8387411412941277,1.8387766358600914
1,0:04:17.626145,257.6261451244354,6,64,63,25,25,200,200,25,5,65,52,58,20,0.5925925925925926,1.8387454006420436,1.8387411412941277,1.8387766358600914
1,0:04:17.626145,257.6261451244354,6,65,64,25,25,200,200,25,2,60,54,68,16,0.5925925925925926,1.8387454006420436,1.8387411412941277,1.8387766358600914
1,0:04:17.626145,257.6261451244354,6,66,65,25,25,200,200,25,1,62,49,69,19,0.5925925925925926,1.8387454006420436,1.8387411412941277,1.8387766358600914
1,0:04:17.626145,257.6261451244354,6,67,66,25,25,200,200,25,0,57,70,48,25,0.5925925925925926,1.8387454006420436,1.8387411412941277,1.8387766358600914
1,0:04:17.626145,257.6261451244354,6,68,67,25,25,200,200,25,3,60,60,64,13,0.5925925925925926,1.8387454006420436,1.8387411412941277,1.8387766358600914
1,0:04:17.626145,257.6261451244354,6,69,68,25,25,200,200,25,4,53,71,53,19,0.5925925925925926,1.8387454006420436,1.8387411412941277,1.8387766358600914
1,0:04:17.626145,257.6261451244354,6,70,69,25,25,200,200,25,3,47,70,63,17,0.5925925925925926,1.8387454006420436,1.8387411412941277,1.8387766358600914
1,0:04:17.626145,257.6261451244354,6,71,70,25,25,200,200,25,0,65,61,59,15,0.5925925925925926,1.8387454006420436,1.8387411412941277,1.8387766358600914
1,0:04:17.626145,257.6261451244354,6,72,71,25,25,200,200,25,2,61,54,63,20,0.5925925925925926,1.8387454006420436,1.8387411412941277,1.8387766358600914
1,0:04:17.626145,257.6261451244354,6,73,72,25,25,200,200,25,1,72,43,69,15,0.5925925925925926,1.8387454006420436,1.8387411412941277,1.8387766358600914
1,0:04:17.626145,257.6261451244354,6,74,73,25,25,200,200,25,1,51,69,66,13,0.5925925925925926,1.8387454006420436,1.8387411412941277,1.8387766358600914
1,0:04:17.626145,257.6261451244354,6,75,74,25,25,200,200,25,2,57,66,53,22,0.5925925925925926,1.8387454006420436,1.8387411412941277,1.8387766358600914
1,0:04:17.626145,257.6261451244354,6,76,75,25,25,200,200,25,2,71,65,50,12,0.5925925925925926,1.8387454006420436,1.8387411412941277,1.8387766358600914
1,0:04:17.626145,257.6261451244354,6,77,76,25,25,200,200,25,4,47,72,54,23,0.5925925925925926,1.8387454006420436,1.8387411412941277,1.8387766358600914
1,0:04:17.626145,257.6261451244354,6,78,77,25,25,200,200,25,1,54,60,61,24,0.5925925925925926,1.8387454006420436,1.8387411412941277,1.8387766358600914
1,0:04:17.626145,257.6261451244354,6,79,78,25,25,200,200,25,2,65,57,58,18,0.5925925925925926,1.8387454006420436,1.8387411412941277,1.8387766358600914
1,0:04:17.626145,257.6261451244354,6,80,79,25,25,200,200,25,1,60,64,58,17,0.5925925925925926,1.8387454006420436,1.8387411412941277,1.8387766358600914
1,0:04:17.626145,257.6261451244354,6,81,80,25,25,200,200,25,2,74,57,54,13,0.5925925925925926,1.8387454006420436,1.8387411412941277,1.8387766358600914
1,0:04:17.626145,257.6261451244354,6,82,81,25,25,200,200,25,2,72,54,53,19,0.5925925925925926,1.8387454006420436,1.8387411412941277,1.8387766358600914
1,0:04:17.626145,257.6261451244354,6,83,82,25,25,200,200,25,1,69,61,57,12,0.5925925925925926,1.8387454006420436,1.8387411412941277,1.8387766358600914
1,0:04:17.626145,257.6261451244354,6,84,83,25,25,200,200,25,0,60,60,62,18,0.5925925925925926,1.8387454006420436,1.8387411412941277,1.8387766358600914
1,0:04:17.626145,257.6261451244354,6,85,84,25,25,200,200,25,0,61,63,62,14,0.5925925925925926,1.8387454006420436,1.8387411412941277,1.8387766358600914
1,0:04:17.626145,257.6261451244354,6,86,85,25,25,200,200,25,1,71,57,51,20,0.5925925925925926,1.8387454006420436,1.8387411412941277,1.8387766358600914
1,0:04:17.626145,257.6261451244354,6,87,86,25,25,200,200,25,1,51,59,64,25,0.5925925925925926,1.8387454006420436,1.8387411412941277,1.8387766358600914
1,0:04:17.626145,257.6261451244354,6,88,87,25,25,200,200,25,3,48,67,59,23,0.5925925925925926,1.8387454006420436,1.8387411412941277,1.8387766358600914
1,0:04:17.626145,257.6261451244354,6,89,88,25,25,200,200,25,2,64,62,53,19,0.5925925925925926,1.8387454006420436,1.8387411412941277,1.8387766358600914
1,0:04:17.626145,257.6261451244354,6,90,89,25,25,200,200,25,2,59,63,63,13,0.5925925925925926,1.8387454006420436,1.8387411412941277,1.8387766358600914
1,0:04:17.626145,257.6261451244354,6,91,90,25,25,200,200,25,2,59,59,56,24,0.5925925925925926,1.8387454006420436,1.8387411412941277,1.8387766358600914
1,0:04:17.626145,257.6261451244354,6,92,91,25,25,200,200,25,0,55,65,55,25,0.5925925925925926,1.8387454006420436,1.8387411412941277,1.8387766358600914
1,0:04:17.626145,257.6261451244354,6,93,92,25,25,200,200,25,1,57,57,68,17,0.5925925925925926,1.8387454006420436,1.8387411412941277,1.8387766358600914
1,0:04:17.626145,257.6261451244354,6,94,93,25,25,200,200,25,2,47,64,63,24,0.5925925925925926,1.8387454006420436,1.8387411412941277,1.8387766358600914
1,0:04:17.626145,257.6261451244354,6,95,94,25,25,200,200,25,0,56,66,59,19,0.5925925925925926,1.8387454006420436,1.8387411412941277,1.8387766358600914
1,0:04:17.626145,257.6261451244354,6,96,95,25,25,200,200,25,0,68,58,57,17,0.5925925925925926,1.8387454006420436,1.8387411412941277,1.8387766358600914
1,0:04:17.626145,257.6261451244354,6,97,96,25,25,200,200,25,4,61,63,57,15,0.5925925925925926,1.8387454006420436,1.8387411412941277,1.8387766358600914
1,0:04:17.626145,257.6261451244354,6,98,97,25,25,200,200,25,3,59,63,61,14,0.5925925925925926,1.8387454006420436,1.8387411412941277,1.8387766358600914
1,0:04:17.626145,257.6261451244354,6,99,98,25,25,200,200,25,1,60,55,66,18,0.5925925925925926,1.8387454006420436,1.8387411412941277,1.8387766358600914
1,0:04:17.626145,257.6261451244354,6,100,99,25,25,200,200,25,2,68,53,56,21,0.5925925925925926,1.8387454006420436,1.8387411412941277,1.8387766358600914
1,0:04:17.626145,257.6261451244354,6,1,0,100,25,200,200,25,3,75,47,56,19,0.022222222222222223,1.1475041829039783,1.1406407578069824,1.239833467356447
1,0:04:17.626145,257.6261451244354,6,2,1,25,25,200,200,25,0,61,56,63,20,0.016296296296296295,1.1918343488227257,1.1883318663473732,1.239833467356447
1,0:04:17.626145,257.6261451244354,6,3,2,25,25,200,200,25,0,54,77,51,18,0.014814814814814814,1.2234920466726922,1.222952025653759,1.2671587152639754
1,0:04:17.626145,257.6261451244354,6,4,3,25,25,200,200,25,4,57,62,48,29,0.007407407407407407,1.2546482868420883,1.2547717920755113,1.2995407001374528
1,0:04:17.626145,257.6261451244354,6,5,4,25,25,200,200,25,1,59,60,54,26,0.007407407407407407,1.294954005256463,1.2939121729956091,1.35351629810391
1,0:04:17.626145,257.6261451244354,6,6,5,25,25,200,200,25,3,62,57,62,16,0.014814814814814814,1.3093188563311562,1.3095161153887205,1.35351629810391
1,0:04:17.626145,257.6261451244354,6,7,6,25,25,200,200,25,2,65,59,54,20,0.04,1.342114886418,1.341108151366367,1.363647063002965
1,0:04:17.626145,257.6261451244354,6,8,7,25,25,200,200,25,1,51,62,62,24,0.0948148148148148,1.3694472100240807,1.3644497983658157,1.4118000025990076
1,0:04:17.626145,257.6261451244354,6,9,8,25,25,200,200,25,1,61,63,61,14,0.12296296296296295,1.4151231378685905,1.4124252948832634,1.4779254012290397
1,0:04:17.626145,257.6261451244354,6,10,9,25,25,200,200,25,2,60,62,61,15,0.17333333333333337,1.445789925866938,1.4361199706081076,1.5223675913035208
1,0:04:17.626145,257.6261451244354,6,11,10,25,25,200,200,25,3,60,58,58,21,0.21481481481481482,1.494391215694978,1.4851161576067597,1.5417278567098613
1,0:04:17.626145,257.6261451244354,6,12,11,25,25,200,200,25,1,63,54,55,27,0.26814814814814814,1.5274419870200955,1.5223675913035208,1.5661733972993388
1,0:04:17.626145,257.6261451244354,6,13,12,25,25,200,200,25,1,70,62,50,17,0.3081481481481481,1.567931320916411,1.5647617495001265,1.6137741160370953
1,0:04:17.626145,257.6261451244354,6,14,13,25,25,200,200,25,4,52,53,70,21,0.3466666666666666,1.6004201609035118,1.6008276937496584,1.644746847297335
1,0:04:17.626145,257.6261451244354,6,15,14,25,25,200,200,25,1,62,58,57,22,0.36740740740740735,1.617577741077539,1.6131261919461979,1.644746847297335
1,0:04:17.626145,257.6261451244354,6,16,15,25,25,200,200,25,1,67,63,47,22,0.4044444444444444,1.6371524085089952,1.6374505805075126,1.6723324091062026
1,0:04:17.626145,257.6261451244354,6,17,16,25,25,200,200,25,3,51,69,61,16,0.44,1.6548076769710764,1.6476765416470767,1.6764013614483746
1,0:04:17.626145,257.6261451244354,6,18,17,25,25,200,200,25,3,55,62,65,15,0.4770370370370371,1.6812658706582204,1.677120725198868,1.714269248943094
1,0:04:17.626145,257.6261451244354,6,19,18,25,25,200,200,25,2,61,68,55,14,0.5066666666666666,1.7041245263604867,1.7036909654493466,1.7629607533620462
1,0:04:17.626145,257.6261451244354,6,20,19,25,25,200,200,25,3,53,70,52,22,0.5422222222222222,1.7208674110652746,1.715264979741574,1.7629607533620462
1,0:04:17.626145,257.6261451244354,6,21,20,25,25,200,200,25,2,63,56,60,19,0.5644444444444444,1.7476899186285373,1.7445289455316015,1.7691916195711879
1,0:04:17.626145,257.6261451244354,6,22,21,25,25,200,200,25,2,53,66,66,13,0.5881481481481481,1.766042839435948,1.7623593165000626,1.784744627786865
1,0:04:17.626145,257.6261451244354,6,23,22,25,25,200,200,25,4,65,54,63,14,0.5881481481481481,1.7764485025155565,1.7746711593071334,1.7938344015323469
1,0:04:17.626145,257.6261451244354,6,24,23,25,25,200,200,25,3,63,69,49,16,0.6296296296296297,1.8062610332991766,1.8056929137262565,1.8171748731803499
1,0:04:17.626145,257.6261451244354,6,25,24,25,25,200,200,25,0,64,64,55,17,0.6296296296296297,1.8062610332991766,1.8056929137262565,1.8171748731803499
1,0:04:17.626145,257.6261451244354,6,26,25,25,25,200,200,25,1,45,69,64,21,0.6296296296296297,1.8062610332991766,1.8056929137262565,1.8171748731803499
1,0:04:17.626145,257.6261451244354,6,27,26,25,25,200,200,25,1,61,58,60,20,0.6296296296296297,1.8064310784716597,1.8056929137262565,1.8171748731803499
1,0:04:17.626145,257.6261451244354,6,28,27,25,25,200,200,25,2,59,51,74,14,0.6222222222222222,1.8065734969550693,1.8056929137262565,1.8171748731803499
1,0:04:17.626145,257.6261451244354,6,29,28,25,25,200,200,25,2,64,64,58,12,0.6148148148148148,1.8066195812372765,1.8056929137262565,1.8171748731803499
1,0:04:17.626145,257.6261451244354,6,30,29,25,25,200,200,25,2,61,63,51,23,0.6251851851851851,1.8073715709694744,1.807829646786113,1.8171748731803499
1,0:04:17.626145,257.6261451244354,6,31,30,25,25,200,200,25,3,56,59,67,15,0.6251851851851851,1.8074349718896905,1.807829646786113,1.8171748731803499
1,0:04:17.626145,257.6261451244354,6,32,31,25,25,200,200,25,1,53,56,58,32,0.6192592592592593,1.809153016957116,1.8084333015343552,1.8171748731803499
1,0:04:17.626145,257.6261451244354,6,33,32,25,25,200,200,25,3,59,57,58,23,0.6103703703703703,1.809792080984677,1.8091278744599228,1.8171748731803499
1,0:04:17.626145,257.6261451244354,6,34,33,25,25,200,200,25,2,68,47,60,23,0.5851851851851851,1.811215646576248,1.8104224730281384,1.8171748731803499
1,0:04:17.626145,257.6261451244354,6,35,34,25,25,200,200,25,3,57,73,52,15,0.5792592592592593,1.8243589797076527,1.8261369654558148,1.8269151040933576
1,0:04:17.626145,257.6261451244354,6,36,35,25,25,200,200,25,1,58,69,55,17,0.5792592592592593,1.8243589797076527,1.8261369654558148,1.8269151040933576
1,0:04:17.626145,257.6261451244354,6,37,36,25,25,200,200,25,2,64,57,54,23,0.5792592592592593,1.8243589797076527,1.8261369654558148,1.8269151040933576
1,0:04:17.626145,257.6261451244354,6,38,37,25,25,200,200,25,3,67,53,60,17,0.5792592592592593,1.8243589797076527,1.8261369654558148,1.8269151040933576
1,0:04:17.626145,257.6261451244354,6,39,38,25,25,200,200,25,4,67,46,63,20,0.5822222222222222,1.8244834145473394,1.8261369654558148,1.8269151040933576
1,0:04:17.626145,257.6261451244354,6,40,39,25,25,200,200,25,0,66,53,63,18,0.5925925925925926,1.8247279494676507,1.8261369654558148,1.8269151040933576
1,0:04:17.626145,257.6261451244354,6,41,40,25,25,200,200,25,2,50,55,75,18,0.5925925925925926,1.8247279494676507,1.8261369654558148,1.8269151040933576
1,0:04:17.626145,257.6261451244354,6,42,41,25,25,200,200,25,1,50,63,70,16,0.5940740740740741,1.8249754871114936,1.8261369654558148,1.8287065000378695
1,0:04:17.626145,257.6261451244354,6,43,42,25,25,200,200,25,3,61,49,65,22,0.5925925925925926,1.8387454006420436,1.8387411412941277,1.8387766358600914
1,0:04:17.626145,257.6261451244354,6,44,43,25,25,200,200,25,4,58,53,65,20,0.5925925925925926,1.8387454006420436,1.8387411412941277,1.8387766358600914
1,0:04:17.626145,257.6261451244354,6,45,44,25,25,200,200,25,3,59,63,55,20,0.5925925925925926,1.8387454006420436,1.8387411412941277,1.8387766358600914
1,0:04:17.626145,257.6261451244354,6,46,45,25,25,200,200,25,3,73,56,58,10,0.5925925925925926,1.8387454006420436,1.8387411412941277,1.8387766358600914
1,0:04:17.626145,257.6261451244354,6,47,46,25,25,200,200,25,2,62,59,58,19,0.5925925925925926,1.8387454006420436,1.8387411412941277,1.8387766358600914
1,0:04:17.626145,257.6261451244354,6,48,47,25,25,200,200,25,2,67,60,51,20,0.5925925925925926,1.8387454006420436,1.8387411412941277,1.8387766358600914
1,0:04:17.626145,257.6261451244354,6,49,48,25,25,200,200,25,0,57,50,72,21,0.5925925925925926,1.8387454006420436,1.8387411412941277,1.8387766358600914
1,0:04:17.626145,257.6261451244354,6,50,49,25,25,200,200,25,1,59,62,59,19,0.5925925925925926,1.8387454006420436,1.8387411412941277,1.8387766358600914
1,0:04:17.626145,257.6261451244354,6,51,50,25,25,200,200,25,3,65,56,63,13,0.5925925925925926,1.8387454006420436,1.8387411412941277,1.8387766358600914
1,0:04:17.626145,257.6261451244354,6,52,51,25,25,200,200,25,2,57,73,55,13,0.5925925925925926,1.8387454006420436,1.8387411412941277,1.8387766358600914
1,0:04:17.626145,257.6261451244354,6,53,52,25,25,200,200,25,2,64,64,54,16,0.5925925925925926,1.8387454006420436,1.8387411412941277,1.8387766358600914
1,0:04:17.626145,257.6261451244354,6,54,53,25,25,200,200,25,1,43,58,78,20,0.5925925925925926,1.8387454006420436,1.8387411412941277,1.8387766358600914
1,0:04:17.626145,257.6261451244354,6,55,54,25,25,200,200,25,0,70,58,53,19,0.5925925925925926,1.8387454006420436,1.8387411412941277,1.8387766358600914
1,0:04:17.626145,257.6261451244354,6,56,55,25,25,200,200,25,1,50,59,72,18,0.5925925925925926,1.8387454006420436,1.8387411412941277,1.8387766358600914
1,0:04:17.626145,257.6261451244354,6,57,56,25,25,200,200,25,1,53,54,71,21,0.5925925925925926,1.8387454006420436,1.8387411412941277,1.8387766358600914
1,0:04:17.626145,257.6261451244354,6,58,57,25,25,200,200,25,2,45,68,72,13,0.5925925925925926,1.8387454006420436,1.8387411412941277,1.8387766358600914
1,0:04:17.626145,257.6261451244354,6,59,58,25,25,200,200,25,1,67,57,52,23,0.5925925925925926,1.8387454006420436,1.8387411412941277,1.8387766358600914
1,0:04:17.626145,257.6261451244354,6,60,59,25,25,200,200,25,2,63,60,61,14,0.5925925925925926,1.8387454006420436,1.8387411412941277,1.8387766358600914
1,0:04:17.626145,257.6261451244354,6,61,60,25,25,200,200,25,3,61,57,60,19,0.5925925925925926,1.8387454006420436,1.8387411412941277,1.8387766358600914
1,0:04:17.626145,257.6261451244354,6,62,61,25,25,200,200,25,1,58,65,59,17,0.5925925925925926,1.8387454006420436,1.8387411412941277,1.8387766358600914
1,0:04:17.626145,257.6261451244354,6,63,62,25,25,200,200,25,1,59,61,66,13,0.5925925925925926,1.8387454006420436,1.8387411412941277,1.8387766358600914
1,0:04:17.626145,257.6261451244354,6,64,63,25,25,200,200,25,5,65,52,58,20,0.5925925925925926,1.8387454006420436,1.8387411412941277,1.8387766358600914
1,0:04:17.626145,257.6261451244354,6,65,64,25,25,200,200,25,2,60,54,68,16,0.5925925925925926,1.8387454006420436,1.8387411412941277,1.8387766358600914
1,0:04:17.626145,257.6261451244354,6,66,65,25,25,200,200,25,1,62,49,69,19,0.5925925925925926,1.8387454006420436,1.8387411412941277,1.8387766358600914
1,0:04:17.626145,257.6261451244354,6,67,66,25,25,200,200,25,0,57,70,48,25,0.5925925925925926,1.8387454006420436,1.8387411412941277,1.8387766358600914
1,0:04:17.626145,257.6261451244354,6,68,67,25,25,200,200,25,3,60,60,64,13,0.5925925925925926,1.8387454006420436,1.8387411412941277,1.8387766358600914
1,0:04:17.626145,257.6261451244354,6,69,68,25,25,200,200,25,4,53,71,53,19,0.5925925925925926,1.8387454006420436,1.8387411412941277,1.8387766358600914
1,0:04:17.626145,257.6261451244354,6,70,69,25,25,200,200,25,3,47,70,63,17,0.5925925925925926,1.8387454006420436,1.8387411412941277,1.8387766358600914
1,0:04:17.626145,257.6261451244354,6,71,70,25,25,200,200,25,0,65,61,59,15,0.5925925925925926,1.8387454006420436,1.8387411412941277,1.8387766358600914
1,0:04:17.626145,257.6261451244354,6,72,71,25,25,200,200,25,2,61,54,63,20,0.5925925925925926,1.8387454006420436,1.8387411412941277,1.8387766358600914
1,0:04:17.626145,257.6261451244354,6,73,72,25,25,200,200,25,1,72,43,69,15,0.5925925925925926,1.8387454006420436,1.8387411412941277,1.8387766358600914
1,0:04:17.626145,257.6261451244354,6,74,73,25,25,200,200,25,1,51,69,66,13,0.5925925925925926,1.8387454006420436,1.8387411412941277,1.8387766358600914
1,0:04:17.626145,257.6261451244354,6,75,74,25,25,200,200,25,2,57,66,53,22,0.5925925925925926,1.8387454006420436,1.8387411412941277,1.8387766358600914
1,0:04:17.626145,257.6261451244354,6,76,75,25,25,200,200,25,2,71,65,50,12,0.5925925925925926,1.8387454006420436,1.8387411412941277,1.8387766358600914
1,0:04:17.626145,257.6261451244354,6,77,76,25,25,200,200,25,4,47,72,54,23,0.5925925925925926,1.8387454006420436,1.8387411412941277,1.8387766358600914
1,0:04:17.626145,257.6261451244354,6,78,77,25,25,200,200,25,1,54,60,61,24,0.5925925925925926,1.8387454006420436,1.8387411412941277,1.8387766358600914
1,0:04:17.626145,257.6261451244354,6,79,78,25,25,200,200,25,2,65,57,58,18,0.5925925925925926,1.8387454006420436,1.8387411412941277,1.8387766358600914
1,0:04:17.626145,257.6261451244354,6,80,79,25,25,200,200,25,1,60,64,58,17,0.5925925925925926,1.8387454006420436,1.8387411412941277,1.8387766358600914
1,0:04:17.626145,257.6261451244354,6,81,80,25,25,200,200,25,2,74,57,54,13,0.5925925925925926,1.8387454006420436,1.8387411412941277,1.8387766358600914
1,0:04:17.626145,257.6261451244354,6,82,81,25,25,200,200,25,2,72,54,53,19,0.5925925925925926,1.8387454006420436,1.8387411412941277,1.8387766358600914
1,0:04:17.626145,257.6261451244354,6,83,82,25,25,200,200,25,1,69,61,57,12,0.5925925925925926,1.8387454006420436,1.8387411412941277,1.8387766358600914
1,0:04:17.626145,257.6261451244354,6,84,83,25,25,200,200,25,0,60,60,62,18,0.5925925925925926,1.8387454006420436,1.8387411412941277,1.8387766358600914
1,0:04:17.626145,257.6261451244354,6,85,84,25,25,200,200,25,0,61,63,62,14,0.5925925925925926,1.8387454006420436,1.8387411412941277,1.8387766358600914
1,0:04:17.626145,257.6261451244354,6,86,85,25,25,200,200,25,1,71,57,51,20,0.5925925925925926,1.8387454006420436,1.8387411412941277,1.8387766358600914
1,0:04:17.626145,257.6261451244354,6,87,86,25,25,200,200,25,1,51,59,64,25,0.5925925925925926,1.8387454006420436,1.8387411412941277,1.8387766358600914
1,0:04:17.626145,257.6261451244354,6,88,87,25,25,200,200,25,3,48,67,59,23,0.5925925925925926,1.8387454006420436,1.8387411412941277,1.8387766358600914
1,0:04:17.626145,257.6261451244354,6,89,88,25,25,200,200,25,2,64,62,53,19,0.5925925925925926,1.8387454006420436,1.8387411412941277,1.8387766358600914
1,0:04:17.626145,257.6261451244354,6,90,89,25,25,200,200,25,2,59,63,63,13,0.5925925925925926,1.8387454006420436,1.8387411412941277,1.8387766358600914
1,0:04:17.626145,257.6261451244354,6,91,90,25,25,200,200,25,2,59,59,56,24,0.5925925925925926,1.8387454006420436,1.8387411412941277,1.8387766358600914
1,0:04:17.626145,257.6261451244354,6,92,91,25,25,200,200,25,0,55,65,55,25,0.5925925925925926,1.8387454006420436,1.8387411412941277,1.8387766358600914
1,0:04:17.626145,257.6261451244354,6,93,92,25,25,200,200,25,1,57,57,68,17,0.5925925925925926,1.8387454006420436,1.8387411412941277,1.8387766358600914
1,0:04:17.626145,257.6261451244354,6,94,93,25,25,200,200,25,2,47,64,63,24,0.5925925925925926,1.8387454006420436,1.8387411412941277,1.8387766358600914
1,0:04:17.626145,257.6261451244354,6,95,94,25,25,200,200,25,0,56,66,59,19,0.5925925925925926,1.8387454006420436,1.8387411412941277,1.8387766358600914
1,0:04:17.626145,257.6261451244354,6,96,95,25,25,200,200,25,0,68,58,57,17,0.5925925925925926,1.8387454006420436,1.8387411412941277,1.8387766358600914
1,0:04:17.626145,257.6261451244354,6,97,96,25,25,200,200,25,4,61,63,57,15,0.5925925925925926,1.8387454006420436,1.8387411412941277,1.8387766358600914
1,0:04:17.626145,257.6261451244354,6,98,97,25,25,200,200,25,3,59,63,61,14,0.5925925925925926,1.8387454006420436,1.8387411412941277,1.8387766358600914
1,0:04:17.626145,257.6261451244354,6,99,98,25,25,200,200,25,1,60,55,66,18,0.5925925925925926,1.8387454006420436,1.8387411412941277,1.8387766358600914
1,0:04:17.626145,257.6261451244354,6,100,99,25,25,200,200,25,2,68,53,56,21,0.5925925925925926,1.8387454006420436,1.8387411412941277,1.8387766358600914
