model,instance,instance.time,iteration,NA,events,viability,model.hparams.topk,model.hparams.sample_size
1,1,0:00:02.716098,1,1,[ 0.  0.  0.  0.  0.  0. 33.  1.  2.  3.  4.  5.  6.  5.  6.  5.  7.  9.  8. 10. 11. 12.  6. 13. 25. 24. 14.],1.3190026970369206,10,100
1,1,0:00:02.716098,1,2,[ 0.  0.  0.  0.  0.  0.  0.  0. 33.  1.  2.  3.  4.  5.  6.  5.  7.  8.  9. 10. 11. 12.  6. 13. 25. 24. 14.],1.393666676911279,10,100
1,1,0:00:02.716098,1,3,[ 0.  0.  0.  0. 33.  1.  2. 21. 22.  3.  4. 23.  5.  7.  9.  8. 10. 11. 12.  6. 13. 14. 13. 14. 14. 25. 24.],1.322338990290381,10,100
1,1,0:00:02.716098,1,4,[ 0.  0.  0.  0. 33.  1.  2.  3.  4.  5.  7.  9.  8. 10. 11. 12.  6. 13. 14. 13. 15. 16. 14. 17. 18. 19. 20.],1.3789198902183393,10,100
1,1,0:00:02.716098,1,5,[ 0.  0.  0.  0.  0.  0. 33.  1.  2.  3.  4.  5.  6.  5.  7.  9.  8. 10. 11. 12.  6. 13. 14. 13. 25. 24. 14.],1.4815603024330617,10,100
1,1,0:00:02.716098,1,6,[ 0.  0. 33.  1.  2.  3.  4.  5.  7.  9.  8. 10. 11. 12.  6. 13. 14. 13. 15. 16. 14. 17. 26. 29. 27. 28. 20.],1.7877905594105847,10,100
1,1,0:00:02.716098,1,7,[ 0.  0.  0.  0. 33.  1.  2.  3.  4.  5.  6.  5.  6.  5.  7.  9.  8. 10. 11. 12.  6. 13. 14. 13. 24. 25. 14.],1.37139295979553,10,100
1,1,0:00:02.716098,1,8,[ 0. 33.  1.  2. 21. 22.  3.  4. 23.  5.  7.  9.  8. 10. 11. 12.  6. 13. 14. 13. 14. 13. 14. 13. 24. 25. 14.],1.3627661740113726,10,100
1,1,0:00:02.716098,1,9,[ 0.  0.  0.  0.  0.  0. 33.  1.  2.  3.  4.  5.  6.  5.  7.  9.  8. 10. 11. 12.  6. 13. 14. 13. 25. 24. 14.],1.3993725476551861,10,100
1,1,0:00:02.716098,1,10,[ 0.  0.  0.  0.  0.  0. 33.  1.  2.  3.  4.  5.  7.  9.  8. 10. 11. 12.  6. 13. 14. 13. 14. 13. 25. 24. 14.],1.4889850840397763,10,100
1,1,0:00:02.716098,1,11,[ 0. 33.  1.  2. 21. 22.  3.  4. 23.  5.  7.  9.  8. 10. 11. 12.  6. 13. 14. 13. 15. 16. 14. 17. 18. 19. 20.],1.227149416154005,10,100
1,1,0:00:02.716098,1,12,[ 0.  0.  0.  0.  0.  0.  0.  0.  0. 33.  1.  2.  3.  4.  5.  6.  5.  7.  9.  8. 10. 11. 12.  6. 14. 24. 25.],1.3860600701220394,10,100
1,1,0:00:02.716098,1,13,[ 0.  0.  0. 33.  1.  2.  3.  4.  5.  7.  9.  8. 10. 11. 12.  6. 13. 14. 13. 14. 13. 14. 13. 14. 14. 24. 25.],1.3422008013049982,10,100
1,1,0:00:02.716098,1,14,[ 0.  0.  0.  0. 33.  1.  2.  3.  4.  5.  7.  9.  8. 10. 11. 12.  6. 13. 15. 16. 14. 17. 26. 29. 28. 27. 20.],1.767400155154597,10,100
1,1,0:00:02.716098,1,15,[ 0.  0.  0.  0.  0.  0. 33.  1.  2.  3.  4.  5.  7.  8.  9. 10. 11. 12.  6. 13. 14. 13. 14. 13. 24. 25. 14.],1.4660126133138458,10,100
1,1,0:00:02.716098,1,16,[ 0.  0.  0.  0.  0.  0. 33.  1.  2.  3.  4.  5.  6.  5.  6.  5.  7.  8.  9. 10. 11. 12.  6. 13. 19. 18. 14.],1.2939061657460031,10,100
1,1,0:00:02.716098,1,17,[ 0.  0.  0.  0. 33.  1.  2.  3.  4.  5.  7.  9.  8. 10. 11. 12.  6. 13. 15. 16. 14. 17. 26. 27. 28. 29. 20.],1.735499052902977,10,100
1,1,0:00:02.716098,1,18,[ 0.  0.  0.  0.  0.  0. 33.  1.  2.  3.  4.  5.  6.  5.  6.  5.  7.  8.  9. 10. 11. 12.  6. 13. 25. 24. 14.],1.3177974952154463,10,100
1,1,0:00:02.716098,1,19,[ 0.  0.  0. 33.  1.  2. 21. 22.  3.  4. 23.  5.  6.  5.  7.  9.  8. 10. 11. 12.  6. 13. 14. 13. 25. 24. 14.],1.3726121765295654,10,100
1,1,0:00:02.716098,1,20,[ 0.  0.  0.  0.  0.  0. 33.  1.  2.  3.  4.  5.  7.  9.  8. 10. 11. 12.  6. 13. 14. 13. 14. 13. 25. 24. 14.],1.5076148623760113,10,100
1,1,0:00:02.716098,1,21,[ 0.  0.  0.  0.  0. 33.  1.  2. 21. 22.  3.  4. 23.  5.  7.  8.  9. 10. 11. 12.  6. 13. 14. 13. 24. 25. 14.],1.4158537875520274,10,100
1,1,0:00:02.716098,1,22,[ 0.  0.  0.  0. 33.  1.  2.  3.  4.  5.  7.  8.  9. 10. 11. 12.  6. 13. 15. 16. 14. 17. 26. 28. 29. 27. 20.],1.7543108448544456,10,100
1,1,0:00:02.716098,1,23,[ 0.  0.  0.  0.  0.  0.  0.  0.  0.  0. 33.  1.  2.  3.  4.  5.  7.  8.  9. 10. 11. 12.  6. 13. 24. 25. 14.],1.4563427851193085,10,100
1,1,0:00:02.716098,1,24,[ 0.  0.  0.  0.  0.  0.  0.  0. 33.  1.  2.  3.  4.  5.  6.  5.  7.  9.  8. 10. 11. 12.  6. 13. 24. 25. 14.],1.4320879344283703,10,100
1,1,0:00:02.716098,1,25,[ 0.  0. 33.  1.  2.  3.  4.  5.  7.  9.  8. 10. 11. 12.  6. 13. 14. 13. 15. 16. 14. 17. 29. 26. 27. 28. 20.],1.8129153623865046,10,100
1,1,0:00:02.716098,1,26,[ 0.  0. 33.  1.  2. 21. 22.  3.  4. 23.  5.  6.  5.  6.  5.  7.  8.  9. 10. 11. 12.  6. 13. 14. 14. 24. 25.],1.27926274772899,10,100
1,1,0:00:02.716098,1,27,[ 0.  0.  0.  0.  0.  0.  0.  0.  0.  0. 33.  1.  2.  3.  4.  5.  7.  8.  9. 10. 11. 12.  6. 13. 24. 25. 14.],1.489574225685146,10,100
1,1,0:00:02.716098,1,28,[ 0.  0.  0.  0.  0.  0.  0.  0. 33.  1.  2.  3.  4.  5.  7.  8.  9. 10. 11. 12.  6. 13. 14. 13. 24. 25. 14.],1.4729098395356321,10,100
1,1,0:00:02.716098,1,29,[ 0.  0. 33.  1.  2.  3.  4.  5.  6.  5.  7.  9.  8. 10. 11. 12.  6. 13. 15. 16. 14. 17. 28. 27. 26. 29. 20.],1.6978272783105945,10,100
1,1,0:00:02.716098,1,30,[ 0.  0.  0.  0.  0.  0. 33.  1.  2.  3.  4.  5.  7.  8.  9. 10. 11. 12.  6. 13. 14. 13. 14. 13. 25. 24. 14.],1.4737948999227022,10,100
1,1,0:00:02.716098,1,31,[ 0.  0.  0.  0. 33.  1.  2.  3.  4.  5.  7.  9.  8. 10. 11. 12.  6. 13. 14. 13. 14. 13. 14. 13. 25. 24. 14.],1.4194472755925434,10,100
1,1,0:00:02.716098,1,32,[ 0.  0. 33.  1.  2.  3.  4.  5.  6.  5.  7.  9.  8. 10. 11. 12.  6. 13. 15. 16. 14. 17. 29. 26. 28. 27. 20.],1.6757163241673605,10,100
1,1,0:00:02.716098,1,33,[ 0.  0. 33.  1.  2.  3.  4.  5.  7.  8.  9. 10. 11. 12.  6. 13. 14. 13. 15. 16. 14. 17. 26. 29. 27. 28. 20.],1.762943089219711,10,100
1,1,0:00:02.716098,1,34,[ 0.  0. 33.  1.  2.  3.  4.  5.  6.  5.  6.  5.  7.  9.  8. 10. 11. 12.  6. 13. 14. 13. 14. 13. 25. 24. 14.],1.3545060991023838,10,100
1,1,0:00:02.716098,1,35,[ 0. 33.  1.  2. 21. 22.  3.  4. 23.  5.  7.  9.  8. 10. 11. 12.  6. 13. 15. 16. 14. 17. 29. 27. 28. 26. 20.],1.6929718487948948,10,100
1,1,0:00:02.716098,1,36,[ 0.  0.  0.  0. 33.  1.  2.  3.  4.  5.  7.  9.  8. 10. 11. 12.  6. 13. 14. 13. 15. 16. 14. 17. 19. 18. 20.],1.351998480789304,10,100
1,1,0:00:02.716098,1,37,[ 0. 33.  1.  2. 21. 22.  3.  4. 23.  5.  7.  9.  8. 10. 11. 12.  6. 13. 14. 13. 14. 13. 14. 13. 24. 25. 14.],1.3585735975194584,10,100
1,1,0:00:02.716098,1,38,[ 0.  0. 33.  1.  2.  3.  4.  5.  6.  5.  6.  5.  6.  5.  7.  9.  8. 10. 11. 12.  6. 13. 14. 13. 25. 24. 14.],1.3076164971021593,10,100
1,1,0:00:02.716098,1,39,[ 0.  0. 33.  1.  2.  3.  4.  5.  7.  9.  8. 10. 11. 12.  6. 13. 14. 13. 15. 16. 14. 17. 26. 28. 29. 27. 20.],1.7874745284726745,10,100
1,1,0:00:02.716098,1,40,[ 0.  0.  0.  0.  0.  0.  0.  0.  0.  0. 33.  1.  2.  3.  4.  5.  7.  9.  8. 10. 11. 12.  6. 13. 25. 24. 14.],1.4406838733618632,10,100
1,1,0:00:02.716098,1,41,[ 0.  0.  0.  0.  0.  0. 33.  1.  2.  3.  4.  5.  7.  9.  8. 10. 11. 12.  6. 13. 14. 13. 14. 13. 24. 25. 14.],1.4818344596525048,10,100
1,1,0:00:02.716098,1,42,[ 0.  0.  0.  0.  0.  0.  0.  0. 33.  1.  2.  3.  4.  5.  7.  9.  8. 10. 11. 12.  6. 13. 14. 13. 25. 24. 14.],1.4401907357553412,10,100
1,1,0:00:02.716098,1,43,[ 0.  0. 33.  1.  2.  3.  4.  5.  6.  5.  7.  9.  8. 10. 11. 12.  6. 13. 14. 13. 14. 13. 14. 13. 25. 24. 14.],1.3883013982914874,10,100
1,1,0:00:02.716098,1,44,[ 0.  0.  0.  0.  0.  0.  0.  0.  0.  0. 33.  1.  2.  3.  4.  5.  7.  8.  9. 10. 11. 12.  6. 13. 24. 25. 14.],1.5031447116106798,10,100
1,1,0:00:02.716098,1,45,[ 0.  0.  0.  0.  0.  0. 33.  1.  2.  3.  4.  5.  7.  9.  8. 10. 11. 12.  6. 13. 15. 16. 14. 17. 18. 19. 20.],1.322689484909401,10,100
1,1,0:00:02.716098,1,46,[ 0.  0. 33.  1.  2.  3.  4.  5.  7.  8.  9. 10. 11. 12.  6. 13. 14. 13. 15. 16. 14. 17. 26. 27. 29. 28. 20.],1.7663934901257992,10,100
1,1,0:00:02.716098,1,47,[ 0.  0.  0.  0. 33.  1.  2.  3.  4.  5.  7.  9.  8. 10. 11. 12.  6. 13. 15. 16. 14. 17. 29. 26. 28. 27. 20.],1.7884675512930985,10,100
1,1,0:00:02.716098,1,48,[ 0.  0.  0.  0. 33.  1.  2.  3.  4.  5.  7.  8.  9. 10. 11. 12.  6. 13. 14. 13. 14. 13. 14. 13. 24. 25. 14.],1.4450190881685558,10,100
1,1,0:00:02.716098,1,49,[ 0.  0.  0.  0. 33.  1.  2.  3.  4.  5.  7.  8.  9. 10. 11. 12.  6. 13. 14. 13. 14. 13. 14. 13. 24. 25. 14.],1.380008449225261,10,100
1,1,0:00:02.716098,1,50,[ 0.  0.  0.  0.  0.  0. 33.  1.  2.  3.  4.  5.  7.  8.  9. 10. 11. 12.  6. 13. 14. 13. 14. 13. 24. 25. 14.],1.5152612406919426,10,100
1,1,0:00:02.716098,1,51,[ 0.  0. 33.  1.  2.  3.  4.  5.  6.  5.  7.  8.  9. 10. 11. 12.  6. 13. 15. 16. 14. 17. 29. 27. 26. 28. 20.],1.7319981966263178,10,100
1,1,0:00:02.716098,1,52,[ 0.  0. 33.  1.  2.  3.  4.  5.  7.  8.  9. 10. 11. 12.  6. 13. 14. 13. 14. 13. 15. 16. 14. 17. 19. 18. 20.],1.2957913895269888,10,100
1,1,0:00:02.716098,1,53,[ 0.  0. 33.  1.  2.  3.  4.  5.  7.  8.  9. 10. 11. 12.  6. 13. 15. 16. 14. 17. 20. 17. 20. 17. 25. 24. 20.],1.738014188540472,10,100
1,1,0:00:02.716098,1,54,[ 0.  0. 33.  1.  2.  3.  4.  5.  7.  8.  9. 10. 11. 12.  6. 13. 14. 13. 15. 16. 14. 17. 29. 26. 27. 28. 20.],1.7657535616398723,10,100
1,1,0:00:02.716098,1,55,[ 0. 33.  1.  2.  3.  4.  5.  7.  9.  8. 10. 11. 12.  6. 13. 14. 13. 14. 13. 14. 13. 14. 13. 14. 14. 24. 25.],1.3593819358191888,10,100
1,1,0:00:02.716098,1,56,[ 0.  0.  0.  0. 33.  1.  2.  3.  4.  5.  7.  8.  9. 10. 11. 12.  6. 13. 15. 16. 14. 17. 29. 28. 26. 27. 20.],1.7756320133241794,10,100
1,1,0:00:02.716098,1,57,[ 0. 33.  1.  2. 21. 22.  3.  4. 23.  5.  7.  9.  8. 10. 11. 12.  6. 13. 15. 16. 14. 17. 26. 29. 27. 28. 20.],1.6575412081753438,10,100
1,1,0:00:02.716098,1,58,[ 0. 33.  1.  2. 21. 22.  3.  4. 23.  5.  6.  5.  6.  5.  7.  8.  9. 10. 11. 12.  6. 13. 14. 13. 25. 24. 14.],1.2804605266641425,10,100
1,1,0:00:02.716098,1,59,[ 0.  0. 33.  1.  2.  3.  4.  5.  6.  5.  7.  8.  9. 10. 11. 12.  6. 13. 14. 13. 14. 13. 14. 13. 24. 25. 14.],1.397845406499905,10,100
1,1,0:00:02.716098,1,60,[ 0.  0.  0.  0.  0.  0. 33.  1.  2.  3.  4.  5.  7.  9.  8. 10. 11. 12.  6. 13. 14. 13. 14. 13. 24. 25. 14.],1.5646149113193317,10,100
1,1,0:00:02.716098,1,61,[ 0.  0.  0.  0.  0.  0. 33.  1.  2.  3.  4.  5.  7.  8.  9. 10. 11. 12.  6. 13. 14. 13. 14. 13. 25. 24. 14.],1.479724526414388,10,100
1,1,0:00:02.716098,1,62,[ 0.  0.  0.  0.  0.  0.  0. 33.  1.  2.  3.  4.  5.  7.  8.  9. 10. 11. 12.  6. 13. 14. 13. 14. 14. 25. 24.],1.4599258497915673,10,100
1,1,0:00:02.716098,1,63,[ 0.  0. 33.  1.  2.  3.  4.  5.  7.  8.  9. 10. 11. 12.  6. 13. 15. 16. 14. 17. 20. 17. 26. 29. 28. 27. 20.],1.7812311590158154,10,100
1,1,0:00:02.716098,1,64,[ 0.  0. 33.  1.  2.  3.  4.  5.  7.  8.  9. 10. 11. 12.  6. 13. 14. 13. 15. 16. 14. 17. 20. 17. 18. 19. 20.],1.2854092130208714,10,100
1,1,0:00:02.716098,1,65,[ 0.  0.  0.  0.  0. 33.  1.  2. 21. 22.  3.  4. 23.  5.  6.  5.  7.  8.  9. 10. 11. 12.  6. 13. 24. 25. 14.],1.307364829556348,10,100
1,1,0:00:02.716098,1,66,[ 0.  0.  0.  0. 33.  1.  2.  3.  4.  5.  7.  9.  8. 10. 11. 12.  6. 13. 14. 13. 14. 13. 14. 13. 24. 25. 14.],1.4887719569438256,10,100
1,1,0:00:02.716098,1,67,[ 0.  0.  0.  0. 33.  1.  2.  3.  4.  5.  7.  8.  9. 10. 11. 12.  6. 13. 14. 13. 14. 13. 14. 13. 25. 24. 14.],1.4929162348083869,10,100
1,1,0:00:02.716098,1,68,[ 0.  0.  0.  0. 33.  1.  2.  3.  4.  5.  6.  5.  6.  5.  6.  5.  7.  9.  8. 10. 11. 12.  6. 13. 25. 24. 14.],1.3303992194262781,10,100
1,1,0:00:02.716098,1,69,[ 0. 33.  1.  2. 21. 22.  3.  4. 23.  5.  6.  5.  7.  9.  8. 10. 11. 12.  6. 13. 14. 13. 14. 13. 25. 24. 14.],1.4050133482424692,10,100
1,1,0:00:02.716098,1,70,[ 0.  0.  0.  0.  0.  0.  0.  0. 33.  1.  2.  3.  4.  5.  6.  5.  7.  8.  9. 10. 11. 12.  6. 13. 25. 24. 14.],1.3670598249480026,10,100
1,1,0:00:02.716098,1,71,[ 0.  0. 33.  1.  2.  3.  4.  5.  7.  9.  8. 10. 11. 12.  6. 13. 14. 13. 15. 16. 14. 17. 26. 27. 29. 28. 20.],1.8163522539580492,10,100
1,1,0:00:02.716098,1,72,[ 0.  0.  0.  0.  0.  0. 33.  1.  2. 21. 22. 23. 22.  3.  4. 23.  5.  7.  9.  8. 10. 11. 12.  6. 14. 25. 24.],1.355441055842247,10,100
1,1,0:00:02.716098,1,73,[ 0. 33.  1.  2. 21. 22.  3.  4. 23.  5.  7.  8.  9. 10. 11. 12.  6. 13. 15. 16. 14. 17. 27. 29. 28. 26. 20.],1.6703320174767353,10,100
1,1,0:00:02.716098,1,74,[ 0.  0.  0.  0.  0.  0. 33.  1.  2.  3.  4.  5.  6.  5.  7.  8.  9. 10. 11. 12.  6. 13. 14. 13. 24. 25. 14.],1.4005788799624792,10,100
1,1,0:00:02.716098,1,75,[ 0.  0.  0.  0.  0.  0. 33.  1.  2.  3.  4.  5.  6.  5.  7.  8.  9. 10. 11. 12.  6. 13. 14. 13. 25. 24. 14.],1.4086852946854798,10,100
1,1,0:00:02.716098,1,76,[ 0.  0. 33.  1.  2.  3.  4.  5.  6.  5.  7.  8.  9. 10. 11. 12.  6. 13. 14. 13. 15. 16. 14. 17. 18. 19. 20.],1.6375177540584396,10,100
1,1,0:00:02.716098,1,77,[ 0.  0.  0.  0.  0.  0.  0.  0. 33.  1.  2.  3.  4.  5.  7.  9.  8. 10. 11. 12.  6. 13. 14. 13. 24. 25. 14.],1.4947457891575666,10,100
1,1,0:00:02.716098,1,78,[ 0.  0.  0.  0.  0.  0.  0.  0. 33.  1.  2.  3.  4.  5.  6.  5.  7.  9.  8. 10. 11. 12.  6. 13. 24. 25. 14.],1.4148891080954413,10,100
1,1,0:00:02.716098,1,79,[ 0.  0.  0.  0. 33.  1.  2.  3.  4.  5.  6.  5.  7.  8.  9. 10. 11. 12.  6. 13. 14. 13. 14. 13. 25. 24. 14.],1.3887149866327555,10,100
1,1,0:00:02.716098,1,80,[ 0.  0.  0.  0. 33.  1.  2.  3.  4.  5.  7.  8.  9. 10. 11. 12.  6. 13. 15. 16. 14. 17. 26. 28. 27. 29. 20.],1.7975585246643362,10,100
1,1,0:00:02.716098,1,81,[ 0.  0.  0.  0. 33.  1.  2.  3.  4.  5.  7.  9.  8. 10. 11. 12.  6. 13. 14. 13. 14. 13. 14. 13. 24. 25. 14.],1.4394957744814076,10,100
1,1,0:00:02.716098,1,82,[ 0.  0. 33.  1.  2.  3.  4.  5.  6.  5.  7.  8.  9. 10. 11. 12.  6. 13. 15. 16. 14. 17. 20. 17. 18. 19. 20.],1.2079733793412375,10,100
1,1,0:00:02.716098,1,83,[ 0.  0. 33.  1.  2.  3.  4.  5.  6.  5.  7.  9.  8. 10. 11. 12.  6. 13. 15. 16. 14. 17. 28. 29. 26. 27. 20.],1.721693941929657,10,100
1,1,0:00:02.716098,1,84,[ 0.  0. 33.  1.  2.  3.  4.  5.  6.  5.  6.  5.  7.  9.  8. 10. 11. 12.  6. 13. 14. 13. 14. 13. 25. 24. 14.],1.333204545774584,10,100
1,1,0:00:02.716098,1,85,[ 0.  0. 33.  1.  2.  3.  4.  5.  7.  8.  9. 10. 11. 12.  6. 13. 14. 13. 15. 16. 14. 17. 26. 27. 29. 28. 20.],1.7906577363166,10,100
1,1,0:00:02.716098,1,86,[ 0.  0.  0.  0. 33.  1.  2.  3.  4.  5.  7.  8.  9. 10. 11. 12.  6. 13. 14. 13. 15. 16. 14. 17. 19. 18. 20.],1.3666245333160463,10,100
1,1,0:00:02.716098,1,87,[ 0.  0. 33.  1.  2. 21. 22.  3.  4. 23.  5.  6.  5.  7.  9.  8. 10. 11. 12.  6. 13. 14. 13. 14. 14. 24. 25.],1.279016161134606,10,100
1,1,0:00:02.716098,1,88,[ 0.  0.  0.  0. 33.  1.  2.  3.  4.  5.  7.  8.  9. 10. 11. 12.  6. 13. 14. 13. 15. 16. 14. 17. 18. 19. 20.],1.3330401666756309,10,100
1,1,0:00:02.716098,1,89,[ 0.  0.  0. 33.  1.  2.  3.  4.  5.  7.  8.  9. 10. 11. 12.  6. 13. 24.  8. 10. 11. 12. 14. 13. 18. 19. 14.],1.3953350667779105,10,100
1,1,0:00:02.716098,1,90,[ 0. 33.  1.  2. 21. 22.  3.  4. 23.  5.  7.  8.  9. 10. 11. 12.  6. 13. 15. 16. 14. 17. 29. 26. 27. 28. 20.],1.5239807323058212,10,100
1,1,0:00:02.716098,1,91,[ 0.  0.  0.  0. 33.  1.  2.  3.  4.  5.  7.  8.  9. 10. 11. 12.  6. 13. 15. 16. 14. 17. 26. 27. 29. 28. 20.],1.7673148466643573,10,100
1,1,0:00:02.716098,1,92,[ 0.  0.  0.  0.  0.  0.  0.  0.  0.  0. 33.  1.  2.  3.  4.  5.  7.  9.  8. 10. 11. 12.  6. 13. 25. 24. 14.],1.4889470318576132,10,100
1,1,0:00:02.716098,1,93,[ 0.  0. 33.  1.  2.  3.  4.  5.  7.  8.  9. 10. 11. 12.  6. 13. 15. 16. 14. 17. 20. 17. 26. 29. 27. 28. 20.],1.701567935226368,10,100
1,1,0:00:02.716098,1,94,[ 0.  0. 33.  1.  2.  3.  4.  5.  6.  5.  6.  5.  6.  5.  7.  9.  8. 10. 11. 12.  6. 13. 14. 13. 24. 25. 14.],1.2962280385024816,10,100
1,1,0:00:02.716098,1,95,[ 0.  0. 33.  1.  2.  3.  4.  5.  7.  9.  8. 10. 11. 12.  6. 13. 15. 16. 14. 17. 20. 17. 20. 17. 18. 19. 20.],1.2263627985761085,10,100
1,1,0:00:02.716098,1,96,[ 0.  0.  0. 33.  1.  2.  3.  4.  5.  7.  8.  9. 10. 11. 12.  6. 13. 24.  8. 10. 11. 12. 14. 13. 25. 24. 14.],1.4328466238025142,10,100
1,1,0:00:02.716098,1,97,[ 0.  0. 33.  1.  2.  3.  4.  5.  7.  9.  8. 10. 11. 12.  6. 13. 14. 13. 14. 13. 14. 13. 14. 13. 25. 24. 14.],1.425279156339099,10,100
1,1,0:00:02.716098,1,98,[ 0.  0.  0.  0. 33.  1.  2.  3.  4.  5.  6.  5.  6.  5.  7.  8.  9. 10. 11. 12.  6. 13. 14. 13. 24. 25. 14.],1.326402780502615,10,100
1,1,0:00:02.716098,1,99,[ 0.  0. 33.  1.  2.  3.  4.  5.  7.  8.  9. 10. 11. 12.  6. 13. 14. 13. 15. 16. 14. 17. 27. 29. 28. 26. 20.],1.749604911460553,10,100
1,1,0:00:02.716098,1,100,[ 0.  0.  0.  0. 33.  1.  2.  3.  4.  5.  7.  9.  8. 10. 11. 12.  6. 13. 15. 16. 14. 17. 27. 29. 26. 28. 20.],1.806315715208139,10,100
1,2,0:00:01.706398,1,1,[ 0.  0.  0.  0. 33.  1.  2.  3.  4.  5.  7.  8.  9. 10. 11. 12.  6. 13. 15. 16. 14. 17. 26. 28. 27. 29. 20.],1.8527628599081012,10,100
1,2,0:00:01.706398,1,2,[ 0.  0.  0.  0. 33.  1.  2.  3.  4.  5.  7.  8.  9. 10. 11. 12.  6. 13. 15. 16. 14. 17. 29. 28. 26. 27. 20.],1.8567255352073702,10,100
1,2,0:00:01.706398,1,3,[ 0.  0. 33.  1.  2.  3.  4.  5.  7.  8.  9. 10. 11. 12.  6. 13. 14. 13. 14. 13. 14. 13. 14. 13. 25. 24. 14.],1.5184550768959315,10,100
1,2,0:00:01.706398,1,4,[ 0.  0. 33.  1.  2.  3.  4.  5.  6.  5.  7.  9.  8. 10. 11. 12.  6. 13. 15. 16. 14. 17. 26. 29. 27. 28. 20.],1.830940175169186,10,100
1,2,0:00:01.706398,1,5,[ 0.  0.  0.  0.  0.  0. 33.  1.  2.  3.  4.  5.  7.  8.  9. 10. 11. 12.  6. 13. 14. 13. 14. 13. 24. 25. 14.],1.5268148484251667,10,100
1,2,0:00:01.706398,1,6,[ 0.  0.  0.  0.  0.  0. 33.  1.  2.  3.  4.  5.  6.  5.  6.  5.  7.  9.  8. 10. 11. 12.  6. 13. 24. 25. 14.],1.4640309950051384,10,100
1,2,0:00:01.706398,1,7,[ 0.  0.  0.  0.  0. 33.  1.  2. 21. 22.  3.  4. 23.  5.  7.  8.  9. 10. 11. 12.  6. 13. 14. 13. 24. 25. 14.],1.4479836589806796,10,100
1,2,0:00:01.706398,1,8,[ 0.  0. 33.  1.  2.  3.  4.  5.  7.  9.  8. 10. 11. 12.  6. 13. 14. 13. 15. 16. 14. 17. 26. 27. 29. 28. 20.],1.8466969269809341,10,100
1,2,0:00:01.706398,1,9,[ 0.  0. 33.  1.  2.  3.  4.  5.  6.  5.  7.  9.  8. 10. 11. 12.  6. 13. 15. 16. 14. 17. 29. 26. 28. 27. 20.],1.8019168696325885,10,100
1,2,0:00:01.706398,1,10,[ 0. 33.  1.  2. 21. 22.  3.  4. 23.  5.  7.  8.  9. 10. 11. 12.  6. 13. 15. 16. 14. 17. 26. 28. 27. 29. 20.],1.751935610859714,10,100
1,2,0:00:01.706398,1,11,[ 0. 33.  1.  2.  3.  4.  5.  7.  9.  8. 10. 11. 12.  6. 13. 14. 13. 14. 13. 14. 13. 14. 13. 14. 14. 25. 24.],1.5288023438327583,10,100
1,2,0:00:01.706398,1,12,[ 0.  0. 33.  1.  2.  3.  4.  5.  6.  5.  6.  5.  6.  5.  7.  9.  8. 10. 11. 12.  6. 13. 14. 13. 24. 25. 14.],1.4054685317376199,10,100
1,2,0:00:01.706398,1,13,[ 0.  0.  0.  0.  0.  0.  0. 33.  1.  2. 21. 22.  3.  4. 23.  5.  7.  8.  9. 10. 11. 12.  6. 13. 24. 25. 14.],1.4400082417133986,10,100
1,2,0:00:01.706398,1,14,[ 0.  0. 33.  1.  2.  3.  4.  5.  7.  8.  9. 10. 11. 12.  6. 13. 14. 13. 15. 16. 14. 17. 26. 29. 27. 28. 20.],1.8945105728526737,10,100
1,2,0:00:01.706398,1,15,[ 0.  0. 33.  1.  2.  3.  4.  5.  7.  8.  9. 10. 11. 12.  6. 13. 15. 16. 14. 17. 20. 17. 26. 29. 28. 27. 20.],1.8126295873483147,10,100
1,2,0:00:01.706398,1,16,[ 0.  0.  0.  0. 33.  1.  2.  3.  4.  5.  7.  8.  9. 10. 11. 12.  6. 13. 14. 13. 14. 13. 14. 13. 24. 25. 14.],1.6136446707041727,10,100
1,2,0:00:01.706398,1,17,[ 0.  0. 33.  1.  2.  3.  4.  5.  7.  8.  9. 10. 11. 12.  6. 13. 14. 13. 15. 16. 14. 17. 26. 28. 29. 27. 20.],1.8711866466589138,10,100
1,2,0:00:01.706398,1,18,[ 0.  0. 33.  1.  2.  3.  4.  5.  7.  8.  9. 10. 11. 12.  6. 13. 14. 13. 15. 16. 14. 17. 26. 27. 29. 28. 20.],1.8885108545733178,10,100
1,2,0:00:01.706398,1,19,[ 0.  0.  0.  0.  0.  0.  0.  0. 33.  1.  2.  3.  4.  5.  7.  8.  9. 10. 11. 12.  6. 13. 14. 13. 18. 19. 14.],1.5077012040636266,10,100
1,2,0:00:01.706398,1,20,[ 0.  0. 33.  1.  2.  3.  4.  5.  7.  8.  9. 10. 11. 12.  6. 13. 14. 13. 15. 16. 14. 17. 27. 26. 29. 28. 20.],1.907024048996112,10,100
1,2,0:00:01.706398,1,21,[ 0. 33.  1.  2. 21. 22.  3.  4. 23.  5.  7.  8.  9. 10. 11. 12.  6. 13. 14. 13. 14. 13. 14. 13. 25. 24. 14.],1.4729996435516575,10,100
1,2,0:00:01.706398,1,22,[ 0.  0.  0.  0.  0.  0.  0. 33.  1.  2.  3.  4.  5.  7.  8.  9. 10. 11. 12.  6. 13. 14. 13. 14. 14. 24. 25.],1.6329823546839122,10,100
1,2,0:00:01.706398,1,23,[ 0.  0. 33.  1.  2.  3.  4.  5.  6.  5.  6.  5.  6.  5.  7.  8.  9. 10. 11. 12.  6. 13. 14. 13. 24. 25. 14.],1.4049081529376577,10,100
1,2,0:00:01.706398,1,24,[ 0.  0. 33.  1.  2.  3.  4.  5.  7.  8.  9. 10. 11. 12.  6. 13. 15. 16. 14. 17. 20. 17. 20. 17. 25. 24. 20.],1.8823326065359396,10,100
1,2,0:00:01.706398,1,25,[ 0.  0.  0.  0. 33.  1.  2. 21. 22.  3.  4. 23.  5.  7.  8.  9. 10. 11. 12.  6. 13. 14. 13. 14. 14. 25. 24.],1.5006173449091775,10,100
1,2,0:00:01.706398,1,26,[ 0.  0.  0.  0. 33.  1.  2.  3.  4.  5.  7.  9.  8. 10. 11. 12.  6. 13. 14. 13. 14. 13. 14. 13. 24. 25. 14.],1.5065238805105643,10,100
1,2,0:00:01.706398,1,27,[ 0.  0. 33.  1.  2.  3.  4.  5.  6.  5.  7.  8.  9. 10. 11. 12.  6. 13. 14. 13. 14. 13. 14. 13. 24. 25. 14.],1.5065695152065295,10,100
1,2,0:00:01.706398,1,28,[ 0.  0.  0. 33.  1.  2.  3.  4.  5.  7.  8.  9. 10. 11. 12.  6. 13. 24.  8. 10. 11. 12. 14. 13. 25. 24. 14.],1.3696672405560182,10,100
1,2,0:00:01.706398,1,29,[ 0.  0. 33.  1.  2.  3.  4.  5.  6.  5.  7.  8.  9. 10. 11. 12.  6. 13. 15. 16. 14. 17. 26. 29. 27. 28. 20.],1.8166783540361848,10,100
1,2,0:00:01.706398,1,30,[ 0.  0.  0.  0. 33.  1.  2.  3.  4.  5.  6.  5.  6.  5.  7.  8.  9. 10. 11. 12.  6. 13. 14. 13. 24. 25. 14.],1.4629521991423085,10,100
1,2,0:00:01.706398,1,31,[ 0.  0.  0.  0.  0.  0.  0.  0.  0. 33.  1.  2.  3.  4.  5.  6.  5.  7.  9.  8. 10. 11. 12.  6. 14. 24. 25.],1.4810518306979659,10,100
1,2,0:00:01.706398,1,32,[ 0.  0.  0.  0.  0.  0. 33.  1.  2.  3.  4.  5.  7.  8.  9. 10. 11. 12.  6. 13. 14. 13. 14. 13. 25. 24. 14.],1.5577615249100056,10,100
1,2,0:00:01.706398,1,33,[ 0.  0.  0.  0. 33.  1.  2.  3.  4.  5.  7.  8.  9. 10. 11. 12.  6. 13. 14. 13. 15. 16. 14. 17. 18. 19. 20.],1.437782565918594,10,100
1,2,0:00:01.706398,1,34,[ 0.  0.  0.  0.  0.  0.  0.  0.  0.  0. 33.  1.  2.  3.  4.  5.  7.  8.  9. 10. 11. 12.  6. 13. 24. 25. 14.],1.5132387309279451,10,100
1,2,0:00:01.706398,1,35,[ 0.  0. 33.  1.  2.  3.  4.  5.  7.  9.  8. 10. 11. 12.  6. 13. 14. 13. 15. 16. 14. 17. 27. 28. 29. 26. 20.],1.9413940683604782,10,100
1,2,0:00:01.706398,1,36,[ 0. 33.  1.  2. 21. 22.  3.  4. 23.  5.  7.  9.  8. 10. 11. 12.  6. 13. 14. 13. 15. 16. 14. 17. 19. 18. 20.],1.2872288711997775,10,100
1,2,0:00:01.706398,1,37,[ 0.  0.  0. 33.  1.  2.  3.  4.  5.  6.  5.  7.  9.  8. 10. 11. 12.  6. 13. 14. 13. 14. 13. 14. 14. 25. 24.],1.5069674864976572,10,100
1,2,0:00:01.706398,1,38,[ 0.  0.  0.  0.  0.  0. 33.  1.  2.  3.  4.  5.  6.  5.  7.  9.  8. 10. 11. 12.  6. 13. 14. 13. 25. 24. 14.],1.5311014408477104,10,100
1,2,0:00:01.706398,1,39,[ 0.  0.  0.  0.  0.  0. 33.  1.  2.  3.  4.  5.  7.  9.  8. 10. 11. 12.  6. 13. 14. 13. 14. 13. 24. 25. 14.],1.5522326416385972,10,100
1,2,0:00:01.706398,1,40,[ 0.  0.  0.  0. 33.  1.  2.  3.  4.  5.  7.  8.  9. 10. 11. 12.  6. 13. 14. 13. 15. 16. 14. 17. 18. 19. 20.],1.4743975250068975,10,100
1,2,0:00:01.706398,1,41,[ 0.  0. 33.  1.  2.  3.  4.  5.  7.  9.  8. 10. 11. 12.  6. 13. 14. 13. 15. 16. 14. 17. 20. 17. 18. 19. 20.],1.458697210384287,10,100
1,2,0:00:01.706398,1,42,[ 0.  0.  0.  0. 33.  1.  2.  3.  4.  5.  7.  8.  9. 10. 11. 12.  6. 13. 14. 13. 14. 13. 14. 13. 25. 24. 14.],1.5843988486860947,10,100
1,2,0:00:01.706398,1,43,[ 0.  0. 33.  1.  2.  3.  4.  5.  7.  8.  9. 10. 11. 12.  6. 13. 14. 13. 15. 16. 14. 17. 26. 29. 28. 27. 20.],1.8733292621428057,10,100
1,2,0:00:01.706398,1,44,[ 0. 33.  1.  2. 21. 22.  3.  4. 23.  5.  6.  5.  7.  9.  8. 10. 11. 12.  6. 13. 14. 13. 14. 13. 25. 24. 14.],1.4104753387799662,10,100
1,2,0:00:01.706398,1,45,[ 0.  0.  0.  0.  0.  0. 33.  1.  2.  3.  4.  5.  7.  9.  8. 10. 11. 12.  6. 13. 15. 16. 14. 17. 18. 19. 20.],1.450285440495727,10,100
1,2,0:00:01.706398,1,46,[ 0.  0. 33.  1.  2.  3.  4.  5.  7.  8.  9. 10. 11. 12.  6. 13. 14. 13. 14. 13. 15. 16. 14. 17. 19. 18. 20.],1.4557934500395715,10,100
1,2,0:00:01.706398,1,47,[ 0.  0.  0.  0. 33.  1.  2.  3.  4.  5.  7.  9.  8. 10. 11. 12.  6. 13. 15. 16. 14. 17. 29. 26. 27. 28. 20.],1.8633227373596284,10,100
1,2,0:00:01.706398,1,48,[ 0.  0. 33.  1.  2.  3.  4.  5.  7.  8.  9. 10. 11. 12.  6. 13. 14. 13. 15. 16. 14. 17. 26. 27. 28. 29. 20.],1.8382579297033468,10,100
1,2,0:00:01.706398,1,49,[ 0.  0.  0.  0.  0.  0.  0.  0.  0.  0. 33.  1.  2.  3.  4.  5.  7.  8.  9. 10. 11. 12.  6. 13. 24. 25. 14.],1.5239020368062217,10,100
1,2,0:00:01.706398,1,50,[ 0.  0. 33.  1.  2.  3.  4.  5.  7.  8.  9. 10. 11. 12.  6. 13. 14. 13. 15. 16. 14. 17. 20. 17. 18. 19. 20.],1.381082168473313,10,100
1,2,0:00:01.706398,1,51,[ 0.  0.  0.  0.  0.  0. 33.  1.  2.  3.  4.  5.  7.  9.  8. 10. 11. 12.  6. 13. 14. 13. 14. 13. 25. 24. 14.],1.5412148346754464,10,100
1,2,0:00:01.706398,1,52,[ 0.  0.  0. 33.  1.  2. 21. 22.  3.  4. 23.  5.  7.  9.  8. 10. 11. 12.  6. 13. 14. 13. 14. 13. 25. 24. 14.],1.490880726688966,10,100
1,2,0:00:01.706398,1,53,[ 0.  0.  0.  0.  0.  0. 33.  1.  2.  3.  4.  5.  7.  8.  9. 10. 11. 12.  6. 13. 15. 16. 14. 17. 19. 18. 20.],1.4483290112098244,10,100
1,2,0:00:01.706398,1,54,[ 0.  0. 33.  1.  2.  3.  4.  5.  7.  9.  8. 10. 11. 12.  6. 13. 15. 16. 14. 17. 20. 17. 26. 27. 29. 28. 20.],1.8266849147647468,10,100
1,2,0:00:01.706398,1,55,[ 0.  0.  0.  0.  0. 33.  1.  2. 21. 22.  3.  4. 23.  5.  7.  8.  9. 10. 11. 12.  6. 13. 14. 13. 24. 25. 14.],1.461301035284807,10,100
1,2,0:00:01.706398,1,56,[ 0.  0.  0.  0. 33.  1.  2.  3.  4.  5.  7.  8.  9. 10. 11. 12.  6. 13. 15. 16. 14. 17. 26. 27. 29. 28. 20.],1.8863339645758421,10,100
1,2,0:00:01.706398,1,57,[ 0.  0.  0.  0.  0.  0.  0.  0.  0.  0. 33.  1.  2.  3.  4.  5.  7.  8.  9. 10. 11. 12.  6. 13. 24. 25. 14.],1.535725626806431,10,100
1,2,0:00:01.706398,1,58,[ 0.  0.  0.  0.  0.  0. 33.  1.  2.  3.  4.  5.  7.  9.  8. 10. 11. 12.  6. 13. 14. 13. 14. 13. 24. 25. 14.],1.528429777266012,10,100
1,2,0:00:01.706398,1,59,[ 0.  0.  0.  0.  0.  0.  0.  0. 33.  1.  2.  3.  4.  5.  7.  8.  9. 10. 11. 12.  6. 13. 14. 13. 25. 24. 14.],1.577183879807338,10,100
1,2,0:00:01.706398,1,60,[ 0.  0.  0.  0.  0.  0.  0.  0.  0.  0. 33.  1.  2.  3.  4.  5.  7.  8.  9. 10. 11. 12.  6. 13. 25. 24. 14.],1.5119972634645655,10,100
1,2,0:00:01.706398,1,61,[ 0.  0. 33.  1.  2.  3.  4.  5.  7.  8.  9. 10. 11. 12.  6. 13. 14. 13. 14. 13. 15. 16. 14. 17. 25. 24. 20.],1.5056057038356796,10,100
1,2,0:00:01.706398,1,62,[ 0.  0.  0. 33.  1.  2.  3.  4.  5.  6.  5.  6.  5.  6.  5.  7.  8.  9. 10. 11. 12.  6. 13. 14. 14. 25. 24.],1.4466552971955853,10,100
1,2,0:00:01.706398,1,63,[ 0.  0. 33.  1.  2.  3.  4.  5.  6.  5.  7.  8.  9. 10. 11. 12.  6. 13. 14. 13. 14. 13. 14. 13. 24. 25. 14.],1.5342235070352732,10,100
1,2,0:00:01.706398,1,64,[ 0.  0.  0.  0.  0.  0. 33.  1.  2.  3.  4.  5.  6.  5.  6.  5.  7.  8.  9. 10. 11. 12.  6. 13. 24. 25. 14.],1.4309848297856076,10,100
1,2,0:00:01.706398,1,65,[ 0.  0.  0.  0. 33.  1.  2. 21. 22.  3.  4. 23.  5.  7.  9.  8. 10. 11. 12.  6. 13. 14. 13. 14. 14. 25. 24.],1.5511535827119978,10,100
1,2,0:00:01.706398,1,66,[ 0.  0.  0.  0. 33.  1.  2.  3.  4.  5.  7.  9.  8. 10. 11. 12.  6. 13. 14. 13. 14. 13. 14. 13. 24. 25. 14.],1.5690662877807493,10,100
1,2,0:00:01.706398,1,67,[ 0.  0. 33.  1.  2.  3.  4.  5.  7.  8.  9. 10. 11. 12.  6. 13. 14. 13. 14. 13. 15. 16. 14. 17. 19. 18. 20.],1.486636340230234,10,100
1,2,0:00:01.706398,1,68,[ 0.  0.  0.  0.  0.  0.  0. 33.  1.  2.  3.  4.  5.  7.  9.  8. 10. 11. 12.  6. 13. 14. 13. 14. 14. 24. 25.],1.6164377704550932,10,100
1,2,0:00:01.706398,1,69,[ 0.  0.  0.  0.  0. 33.  1.  2. 21. 22.  3.  4. 23.  5.  7.  9.  8. 10. 11. 12.  6. 13. 14. 13. 25. 24. 14.],1.4899877597892437,10,100
1,2,0:00:01.706398,1,70,[ 0.  0.  0.  0.  0.  0. 33.  1.  2.  3.  4.  5.  6.  5.  7.  8.  9. 10. 11. 12.  6. 13. 14. 13. 24. 25. 14.],1.46640466435095,10,100
1,2,0:00:01.706398,1,71,[ 0.  0.  0.  0. 33.  1.  2.  3.  4.  5.  7.  9.  8. 10. 11. 12.  6. 13. 15. 16. 14. 17. 29. 26. 27. 28. 20.],1.8879444653454767,10,100
1,2,0:00:01.706398,1,72,[ 0.  0.  0.  0.  0.  0. 33.  1.  2.  3.  4.  5.  6.  5.  7.  8.  9. 10. 11. 12.  6. 13. 14. 13. 25. 24. 14.],1.453965825765384,10,100
1,2,0:00:01.706398,1,73,[ 0.  0.  0.  0.  0.  0.  0.  0.  0.  0. 33.  1.  2.  3.  4.  5.  7.  8.  9. 10. 11. 12.  6. 13. 24. 25. 14.],1.5121255554764175,10,100
1,2,0:00:01.706398,1,74,[ 0.  0.  0.  0. 33.  1.  2.  3.  4.  5.  6.  5.  7.  9.  8. 10. 11. 12.  6. 13. 15. 16. 14. 17. 18. 19. 20.],1.352698125032893,10,100
1,2,0:00:01.706398,1,75,[ 0.  0. 33.  1.  2.  3.  4.  5.  6.  5.  6.  5.  7.  8.  9. 10. 11. 12.  6. 13. 14. 13. 14. 13. 24. 25. 14.],1.4787674536082451,10,100
1,2,0:00:01.706398,1,76,[ 0.  0.  0.  0.  0.  0. 33.  1.  2.  3.  4.  5.  6.  5.  7.  8.  9. 10. 11. 12.  6. 13. 14. 13. 25. 24. 14.],1.4912085199582195,10,100
1,2,0:00:01.706398,1,77,[ 0.  0.  0.  0.  0.  0.  0.  0. 33.  1.  2.  3.  4.  5.  7.  8.  9. 10. 11. 12.  6. 13. 14. 13. 24. 25. 14.],1.5661362690593488,10,100
1,2,0:00:01.706398,1,78,[ 0.  0.  0.  0. 33.  1.  2.  3.  4.  5.  6.  5.  7.  8.  9. 10. 11. 12.  6. 13. 14. 13. 14. 13. 25. 24. 14.],1.4977926061799298,10,100
1,2,0:00:01.706398,1,79,[ 0.  0.  0.  0.  0.  0.  0.  0.  0.  0. 33.  1.  2.  3.  4.  5.  7.  8.  9. 10. 11. 12.  6. 13. 24. 25. 14.],1.5321672831063204,10,100
1,2,0:00:01.706398,1,80,[ 0.  0.  0.  0. 33.  1.  2.  3.  4.  5.  7.  9.  8. 10. 11. 12.  6. 13. 14. 13. 15. 16. 14. 17. 19. 18. 20.],1.4442515934222593,10,100
1,2,0:00:01.706398,1,81,[ 0.  0.  0.  0. 33.  1.  2.  3.  4.  5.  6.  5.  7.  8.  9. 10. 11. 12.  6. 13. 14. 13. 14. 13. 25. 24. 14.],1.5237505277287184,10,100
1,2,0:00:01.706398,1,82,[ 0.  0.  0.  0.  0.  0.  0. 33.  1.  2. 21. 22.  3.  4. 23.  5.  7.  8.  9. 10. 11. 12.  6. 13. 24. 25. 14.],1.4554406639388238,10,100
1,2,0:00:01.706398,1,83,[ 0.  0. 33.  1.  2.  3.  4.  5.  6.  5.  7.  8.  9. 10. 11. 12.  6. 13. 15. 16. 14. 17. 29. 28. 27. 26. 20.],1.797963810900516,10,100
1,2,0:00:01.706398,1,84,[ 0.  0. 33.  1.  2.  3.  4.  5.  7.  9.  8. 10. 11. 12.  6. 13. 15. 16. 14. 17. 20. 17. 26. 29. 28. 27. 20.],1.8028686495265225,10,100
1,2,0:00:01.706398,1,85,[ 0.  0.  0.  0.  0.  0.  0.  0. 33.  1.  2.  3.  4.  5.  7.  9.  8. 10. 11. 12.  6. 13. 14. 13. 25. 24. 14.],1.5726905824227322,10,100
1,2,0:00:01.706398,1,86,[ 0.  0. 33.  1.  2.  3.  4.  5.  7.  8.  9. 10. 11. 12.  6. 13. 15. 16. 14. 17. 20. 17. 26. 29. 27. 28. 20.],1.7698400071577751,10,100
1,2,0:00:01.706398,1,87,[ 0.  0.  0.  0. 33.  1.  2.  3.  4.  5.  7.  8.  9. 10. 11. 12.  6. 13. 15. 16. 14. 17. 29. 26. 27. 28. 20.],1.8959368209056426,10,100
1,2,0:00:01.706398,1,88,[ 0.  0.  0.  0.  0.  0. 33.  1.  2.  3.  4.  5.  7.  8.  9. 10. 11. 12.  6. 13. 14. 13. 14. 13. 25. 24. 14.],1.5392571593757762,10,100
1,2,0:00:01.706398,1,89,[ 0.  0.  0. 33.  1.  2. 21. 22.  3.  4. 23.  5.  7.  9.  8. 10. 11. 12.  6. 13. 14. 13. 14. 13. 24. 25. 14.],1.4526257816193566,10,100
1,2,0:00:01.706398,1,90,[ 0.  0.  0.  0. 33.  1.  2.  3.  4.  5.  6.  5.  6.  5.  7.  9.  8. 10. 11. 12.  6. 13. 14. 13. 25. 24. 14.],1.4190054603856175,10,100
1,2,0:00:01.706398,1,91,[ 0.  0. 33.  1.  2.  3.  4.  5.  7.  9.  8. 10. 11. 12.  6. 13. 14. 13. 14. 13. 14. 13. 14. 13. 25. 24. 14.],1.5382133146399004,10,100
1,2,0:00:01.706398,1,92,[ 0. 33.  1.  2.  3.  4.  5.  7.  9.  8. 10. 11. 12.  6. 13. 24.  8. 10. 11. 12. 14. 13. 14. 13. 24. 25. 14.],1.3904574307210102,10,100
1,2,0:00:01.706398,1,93,[ 0.  0.  0.  0.  0.  0.  0.  0.  0.  0. 33.  1.  2.  3.  4.  5.  7.  8.  9. 10. 11. 12.  6. 13. 24. 25. 14.],1.5120134687362996,10,100
1,2,0:00:01.706398,1,94,[ 0.  0. 33.  1.  2.  3.  4.  5.  7.  9.  8. 10. 11. 12.  6. 13. 14. 13. 15. 16. 14. 17. 26. 29. 27. 28. 20.],1.9507626229252644,10,100
1,2,0:00:01.706398,1,95,[ 0.  0.  0.  0.  0.  0. 33.  1.  2.  3.  4.  5.  6.  5.  7.  8.  9. 10. 11. 12.  6. 13. 14. 13. 24. 25. 14.],1.5253780137420652,10,100
1,2,0:00:01.706398,1,96,[ 0.  0. 33.  1.  2.  3.  4.  5.  7.  9.  8. 10. 11. 12.  6. 13. 14. 13. 14. 13. 14. 13. 14. 13. 24. 25. 14.],1.5610416993752518,10,100
1,2,0:00:01.706398,1,97,[ 0.  0.  0.  0.  0.  0.  0.  0. 33.  1.  2.  3.  4.  5.  7.  9.  8. 10. 11. 12.  6. 13. 14. 13. 24. 25. 14.],1.6121361389563622,10,100
1,2,0:00:01.706398,1,98,[ 0.  0.  0. 33.  1.  2. 21. 22.  3.  4. 23.  5.  7.  9.  8. 10. 11. 12.  6. 13. 14. 13. 14. 13. 24. 25. 14.],1.4598127856272354,10,100
1,2,0:00:01.706398,1,99,[ 0.  0.  0.  0.  0.  0. 33.  1.  2.  3.  4.  5.  7.  8.  9. 10. 11. 12.  6. 13. 14. 13. 14. 13. 25. 24. 14.],1.5309541228390038,10,100
1,2,0:00:01.706398,1,100,[ 0. 33.  1.  2.  3.  4.  5.  6.  5.  7.  8.  9. 10. 11. 12.  6. 13. 14. 13. 14. 13. 14. 13. 14. 14. 25. 24.],1.5201787703884175,10,100
1,3,0:00:01.751185,1,1,[ 0.  0.  0.  0. 33.  1.  2.  3.  4.  5.  7.  9.  8. 10. 11. 12.  6. 13. 14. 13. 14. 13. 14. 13. 25. 24. 14.],1.3988118549805693,10,100
1,3,0:00:01.751185,1,2,[ 0.  0.  0.  0. 33.  1.  2.  3.  4.  5.  7.  9.  8. 10. 11. 12.  6. 13. 14. 13. 14. 13. 14. 13. 24. 25. 14.],1.367023668399783,10,100
1,3,0:00:01.751185,1,3,[ 0.  0.  0.  0.  0.  0.  0.  0. 33.  1.  2.  3.  4.  5.  7.  8.  9. 10. 11. 12.  6. 13. 14. 13. 25. 24. 14.],1.5145164168315044,10,100
1,3,0:00:01.751185,1,4,[ 0.  0.  0.  0.  0.  0.  0.  0. 33.  1.  2.  3.  4.  5.  7.  8.  9. 10. 11. 12.  6. 13. 14. 13. 25. 24. 14.],1.4884442912869629,10,100
1,3,0:00:01.751185,1,5,[ 0.  0. 33.  1.  2.  3.  4.  5.  6.  5.  6.  5.  7.  9.  8. 10. 11. 12.  6. 13. 14. 13. 14. 13. 25. 24. 14.],1.3973244913743321,10,100
1,3,0:00:01.751185,1,6,[ 0.  0. 33.  1.  2.  3.  4.  5.  6.  5.  7.  8.  9. 10. 11. 12.  6. 13. 14. 13. 14. 13. 14. 13. 24. 25. 14.],1.4732093627918965,10,100
1,3,0:00:01.751185,1,7,[ 0.  0.  0.  0. 33.  1.  2.  3.  4.  5.  7.  8.  9. 10. 11. 12.  6. 13. 15. 16. 14. 17. 26. 29. 27. 28. 20.],1.8397111504522399,10,100
1,3,0:00:01.751185,1,8,[ 0.  0.  0. 33.  1.  2. 21. 22.  3.  4. 23.  5.  7.  9.  8. 10. 11. 12.  6. 13. 14. 13. 14. 13. 24. 25. 14.],1.4333182827028126,10,100
1,3,0:00:01.751185,1,9,[ 0.  0.  0.  0. 33.  1.  2.  3.  4.  5.  7.  9.  8. 10. 11. 12.  6. 13. 15. 16. 14. 17. 29. 26. 27. 28. 20.],1.8193946855488634,10,100
1,3,0:00:01.751185,1,10,[ 0.  0.  0.  0. 33.  1.  2.  3.  4.  5.  7.  9.  8. 10. 11. 12.  6. 13. 15. 16. 14. 17. 29. 26. 28. 27. 20.],1.8138783076956713,10,100
1,3,0:00:01.751185,1,11,[ 0.  0.  0.  0.  0.  0. 33.  1.  2.  3.  4.  5.  7.  8.  9. 10. 11. 12.  6. 13. 15. 16. 14. 17. 18. 19. 20.],1.4000258102148342,10,100
1,3,0:00:01.751185,1,12,[ 0.  0.  0.  0. 33.  1.  2.  3.  4.  5.  7.  8.  9. 10. 11. 12.  6. 13. 14. 13. 15. 16. 14. 17. 18. 19. 20.],1.3634313528939321,10,100
1,3,0:00:01.751185,1,13,[ 0.  0.  0.  0. 33.  1.  2.  3.  4.  5.  7.  8.  9. 10. 11. 12.  6. 13. 15. 16. 14. 17. 26. 28. 29. 27. 20.],1.8313775926266633,10,100
1,3,0:00:01.751185,1,14,[ 0.  0.  0.  0.  0.  0. 33.  1.  2.  3.  4.  5.  6.  5.  7.  8.  9. 10. 11. 12.  6. 13. 14. 13. 24. 25. 14.],1.6016763863452574,10,100
1,3,0:00:01.751185,1,15,[ 0.  0.  0.  0.  0.  0. 33.  1.  2.  3.  4.  5.  6.  5.  7.  8.  9. 10. 11. 12.  6. 13. 14. 13. 25. 24. 14.],1.4436823866542223,10,100
1,3,0:00:01.751185,1,16,[ 0.  0. 33.  1.  2.  3.  4.  5.  7.  8.  9. 10. 11. 12.  6. 13. 14. 13. 15. 16. 14. 17. 29. 26. 27. 28. 20.],1.7958338693419136,10,100
1,3,0:00:01.751185,1,17,[ 0.  0.  0.  0.  0.  0. 33.  1.  2.  3.  4.  5.  7.  8.  9. 10. 11. 12.  6. 13. 14. 13. 14. 13. 25. 24. 14.],1.432089144177299,10,100
1,3,0:00:01.751185,1,18,[ 0.  0.  0.  0.  0.  0.  0.  0.  0.  0. 33.  1.  2.  3.  4.  5.  7.  8.  9. 10. 11. 12.  6. 13. 24. 25. 14.],1.5628106734443836,10,100
1,3,0:00:01.751185,1,19,[ 0. 33.  1.  2. 21. 22.  3.  4. 23.  5.  7.  9.  8. 10. 11. 12.  6. 13. 15. 16. 14. 17. 29. 27. 28. 26. 20.],1.8148450301018357,10,100
1,3,0:00:01.751185,1,20,[ 0.  0. 33.  1.  2.  3.  4.  5.  7.  8.  9. 10. 11. 12.  6. 13. 14. 13. 15. 16. 14. 17. 26. 27. 28. 29. 20.],1.7838558576864845,10,100
1,3,0:00:01.751185,1,21,[ 0.  0. 33.  1.  2.  3.  4.  5.  7.  9.  8. 10. 11. 12.  6. 13. 14. 13. 15. 16. 14. 17. 28. 29. 27. 26. 20.],1.7590580296067955,10,100
1,3,0:00:01.751185,1,22,[ 0.  0. 33.  1.  2.  3.  4.  5.  7.  8.  9. 10. 11. 12.  6. 13. 14. 13. 15. 16. 14. 17. 26. 28. 27. 29. 20.],1.8038755434380194,10,100
1,3,0:00:01.751185,1,23,[ 0.  0.  0.  0.  0.  0.  0. 33.  1.  2. 21. 22.  3.  4. 23.  5.  7.  8.  9. 10. 11. 12.  6. 13. 25. 24. 14.],1.6080260749904685,10,100
1,3,0:00:01.751185,1,24,[ 0.  0. 33.  1.  2.  3.  4.  5.  7.  8.  9. 10. 11. 12.  6. 13. 14. 13. 15. 16. 14. 17. 28. 29. 27. 26. 20.],1.8173166262691767,10,100
1,3,0:00:01.751185,1,25,[ 0.  0. 33.  1.  2.  3.  4.  5.  7.  9.  8. 10. 11. 12.  6. 13. 15. 16. 14. 17. 20. 17. 20. 17. 18. 19. 20.],1.311217881709066,10,100
1,3,0:00:01.751185,1,26,[ 0.  0.  0.  0.  0.  0. 33.  1.  2. 21. 22. 23. 22.  3.  4. 23.  5.  7.  9.  8. 10. 11. 12.  6. 14. 25. 24.],1.4757871782852032,10,100
1,3,0:00:01.751185,1,27,[ 0.  0.  0.  0.  0.  0.  0.  0.  0.  0. 33.  1.  2.  3.  4.  5.  7.  9.  8. 10. 11. 12.  6. 13. 25. 24. 14.],1.5430116769581725,10,100
1,3,0:00:01.751185,1,28,[ 0.  0.  0.  0. 33.  1.  2.  3.  4.  5.  6.  5.  7.  8.  9. 10. 11. 12.  6. 13. 14. 13. 14. 13. 24. 25. 14.],1.5454066333288208,10,100
1,3,0:00:01.751185,1,29,[ 0.  0. 33.  1.  2.  3.  4.  5.  6.  5.  7.  9.  8. 10. 11. 12.  6. 13. 15. 16. 14. 17. 29. 26. 28. 27. 20.],1.7460209609728927,10,100
1,3,0:00:01.751185,1,30,[ 0.  0. 33.  1.  2.  3.  4.  5.  6.  5.  7.  9.  8. 10. 11. 12.  6. 13. 15. 16. 14. 17. 28. 27. 26. 29. 20.],1.812371353631555,10,100
1,3,0:00:01.751185,1,31,[ 0.  0.  0.  0. 33.  1.  2.  3.  4.  5.  7.  8.  9. 10. 11. 12.  6. 13. 14. 13. 15. 16. 14. 17. 18. 19. 20.],1.3743152895839927,10,100
1,3,0:00:01.751185,1,32,[ 0.  0.  0.  0. 33.  1.  2.  3.  4.  5.  7.  8.  9. 10. 11. 12.  6. 13. 14. 13. 14. 13. 14. 13. 24. 25. 14.],1.3647796775144556,10,100
1,3,0:00:01.751185,1,33,[ 0.  0.  0.  0.  0.  0.  0.  0.  0.  0. 33.  1.  2.  3.  4.  5.  7.  9.  8. 10. 11. 12.  6. 13. 25. 24. 14.],1.5532679555866538,10,100
1,3,0:00:01.751185,1,34,[ 0.  0.  0.  0. 33.  1.  2.  3.  4.  5.  7.  9.  8. 10. 11. 12.  6. 13. 14. 13. 15. 16. 14. 17. 19. 18. 20.],1.3454706989969014,10,100
1,3,0:00:01.751185,1,35,[ 0.  0.  0.  0.  0.  0. 33.  1.  2.  3.  4.  5.  7.  8.  9. 10. 11. 12.  6. 13. 15. 16. 14. 17. 19. 18. 20.],1.3878708190264668,10,100
1,3,0:00:01.751185,1,36,[ 0.  0.  0. 33.  1.  2. 21. 22.  3.  4. 23.  5.  6.  5.  6.  5.  7.  9.  8. 10. 11. 12.  6. 13. 25. 24. 14.],1.5021696791270736,10,100
1,3,0:00:01.751185,1,37,[ 0.  0.  0.  0. 33.  1.  2. 21. 22.  3.  4. 23.  5.  7.  8.  9. 10. 11. 12.  6. 13. 14. 13. 14. 14. 25. 24.],1.4682104805758007,10,100
1,3,0:00:01.751185,1,38,[ 0.  0.  0.  0.  0. 33.  1.  2. 21. 22. 23. 22.  3.  4. 23.  5.  7.  9.  8. 10. 11. 12.  6. 13. 25. 24. 14.],1.5197053428721763,10,100
1,3,0:00:01.751185,1,39,[ 0.  0. 33.  1.  2.  3.  4.  5.  7.  9.  8. 10. 11. 12.  6. 13. 15. 16. 14. 17. 20. 17. 26. 27. 29. 28. 20.],1.7581006311761014,10,100
1,3,0:00:01.751185,1,40,[ 0.  0.  0.  0. 33.  1.  2.  3.  4.  5.  7.  9.  8. 10. 11. 12.  6. 13. 14. 13. 15. 16. 14. 17. 19. 18. 20.],1.3687678981970666,10,100
1,3,0:00:01.751185,1,41,[ 0.  0.  0.  0. 33.  1.  2.  3.  4.  5.  7.  9.  8. 10. 11. 12.  6. 13. 14. 13. 15. 16. 14. 17. 18. 19. 20.],1.335126380117937,10,100
1,3,0:00:01.751185,1,42,[ 0.  0.  0. 33.  1.  2. 21. 22.  3.  4. 23.  5.  7.  9.  8. 10. 11. 12.  6. 13. 14. 13. 14. 13. 24. 25. 14.],1.4549280998716634,10,100
1,3,0:00:01.751185,1,43,[ 0.  0. 33.  1.  2.  3.  4.  5.  7.  8.  9. 10. 11. 12.  6. 13. 14. 13. 15. 16. 14. 17. 27. 29. 28. 26. 20.],1.7906910046572946,10,100
1,3,0:00:01.751185,1,44,[ 0.  0.  0.  0.  0.  0. 33.  1.  2.  3.  4.  5.  7.  8.  9. 10. 11. 12.  6. 13. 15. 16. 14. 17. 25. 24. 20.],1.402873526780996,10,100
1,3,0:00:01.751185,1,45,[ 0.  0.  0.  0.  0. 33.  1.  2. 21. 22.  3.  4. 23.  5.  6.  5.  7.  9.  8. 10. 11. 12.  6. 13. 25. 24. 14.],1.546984432984446,10,100
1,3,0:00:01.751185,1,46,[ 0.  0.  0. 33.  1.  2. 21. 22.  3.  4. 23.  5.  6.  5.  7.  9.  8. 10. 11. 12.  6. 13. 14. 13. 24. 25. 14.],1.493017889956246,10,100
1,3,0:00:01.751185,1,47,[ 0.  0. 33.  1.  2.  3.  4.  5.  7.  9.  8. 10. 11. 12.  6. 13. 14. 13. 15. 16. 14. 17. 26. 29. 27. 28. 20.],1.7850272227929334,10,100
1,3,0:00:01.751185,1,48,[ 0.  0.  0. 33.  1.  2.  3.  4.  5.  7.  8.  9. 10. 11. 12.  6. 13. 14. 13. 14. 13. 14. 13. 14. 14. 25. 24.],1.353490828030669,10,100
1,3,0:00:01.751185,1,49,[ 0.  0.  0.  0.  0.  0.  0.  0.  0.  0. 33.  1.  2.  3.  4.  5.  7.  8.  9. 10. 11. 12.  6. 13. 24. 25. 14.],1.5713345740953981,10,100
1,3,0:00:01.751185,1,50,[ 0.  0.  0.  0.  0. 33.  1.  2. 21. 22.  3.  4. 23.  5.  7.  8.  9. 10. 11. 12.  6. 13. 14. 13. 24. 25. 14.],1.5284603497425344,10,100
1,3,0:00:01.751185,1,51,[ 0.  0.  0.  0.  0.  0.  0.  0.  0.  0. 33.  1.  2.  3.  4.  5.  7.  9.  8. 10. 11. 12.  6. 13. 25. 24. 14.],1.51398868987109,10,100
1,3,0:00:01.751185,1,52,[ 0.  0.  0. 33.  1.  2.  3.  4.  5.  6.  5.  7.  9.  8. 10. 11. 12.  6. 13. 14. 13. 14. 13. 14. 14. 25. 24.],1.3490895092837556,10,100
1,3,0:00:01.751185,1,53,[ 0.  0.  0.  0.  0.  0.  0.  0. 33.  1.  2.  3.  4.  5.  7.  8.  9. 10. 11. 12.  6. 13. 14. 13. 24. 25. 14.],1.4902714968974393,10,100
1,3,0:00:01.751185,1,54,[ 0.  0.  0.  0. 33.  1.  2.  3.  4.  5.  6.  5.  7.  8.  9. 10. 11. 12.  6. 13. 14. 13. 14. 13. 25. 24. 14.],1.472919200906776,10,100
1,3,0:00:01.751185,1,55,[ 0.  0.  0.  0. 33.  1.  2.  3.  4.  5.  7.  8.  9. 10. 11. 12.  6. 13. 15. 16. 14. 17. 26. 28. 29. 27. 20.],1.8135269870758828,10,100
1,3,0:00:01.751185,1,56,[ 0.  0.  0.  0.  0.  0. 33.  1.  2.  3.  4.  5.  7.  9.  8. 10. 11. 12.  6. 13. 14. 13. 14. 13. 25. 24. 14.],1.486686874326012,10,100
1,3,0:00:01.751185,1,57,[ 0.  0.  0.  0. 33.  1.  2.  3.  4.  5.  7.  9.  8. 10. 11. 12.  6. 13. 15. 16. 14. 17. 26. 29. 28. 27. 20.],1.819110109003383,10,100
1,3,0:00:01.751185,1,58,[ 0.  0.  0.  0.  0.  0.  0.  0.  0.  0. 33.  1.  2.  3.  4.  5.  7.  8.  9. 10. 11. 12.  6. 13. 24. 25. 14.],1.5399315887506635,10,100
1,3,0:00:01.751185,1,59,[ 0.  0.  0.  0.  0.  0.  0.  0.  0.  0. 33.  1.  2.  3.  4.  5.  7.  8.  9. 10. 11. 12.  6. 13. 24. 25. 14.],1.5862225179680587,10,100
1,3,0:00:01.751185,1,60,[ 0.  0.  0.  0. 33.  1.  2.  3.  4.  5.  7.  9.  8. 10. 11. 12.  6. 13. 15. 16. 14. 17. 26. 27. 28. 29. 20.],1.7893775701103005,10,100
1,3,0:00:01.751185,1,61,[ 0.  0.  0.  0.  0.  0.  0. 33.  1.  2. 21. 22.  3.  4. 23.  5.  7.  8.  9. 10. 11. 12.  6. 13. 24. 25. 14.],1.5670456330159526,10,100
1,3,0:00:01.751185,1,62,[ 0.  0. 33.  1.  2.  3.  4.  5.  6.  5.  6.  5.  7.  8.  9. 10. 11. 12.  6. 13. 14. 13. 14. 13. 24. 25. 14.],1.393136837077721,10,100
1,3,0:00:01.751185,1,63,[ 0.  0. 33.  1.  2.  3.  4.  5.  6.  5.  6.  5.  6.  5.  7.  9.  8. 10. 11. 12.  6. 13. 14. 13. 24. 25. 14.],1.3707121471797088,10,100
1,3,0:00:01.751185,1,64,[ 0.  0.  0.  0. 33.  1.  2.  3.  4.  5.  7.  8.  9. 10. 11. 12.  6. 13. 14. 13. 15. 16. 14. 17. 18. 19. 20.],1.3675940398884712,10,100
1,3,0:00:01.751185,1,65,[ 0.  0.  0. 33.  1.  2.  3.  4.  5.  7.  9.  8. 10. 11. 12.  6. 13. 14. 13. 14. 13. 14. 13. 14. 14. 24. 25.],1.3632072041390089,10,100
1,3,0:00:01.751185,1,66,[ 0. 33.  1.  2. 21. 22.  3.  4. 23.  5.  6.  5.  7.  8.  9. 10. 11. 12.  6. 13. 14. 13. 14. 13. 24. 25. 14.],1.4582519297382563,10,100
1,3,0:00:01.751185,1,67,[ 0. 33.  1.  2.  3.  4.  5.  6.  5.  7.  9.  8. 10. 11. 12.  6. 13. 24.  8. 10. 11. 12. 14. 13. 24. 25. 14.],1.3481392276980702,10,100
1,3,0:00:01.751185,1,68,[ 0.  0. 33.  1.  2.  3.  4.  5.  6.  5.  7.  8.  9. 10. 11. 12.  6. 13. 15. 16. 14. 17. 29. 28. 27. 26. 20.],1.8294187653637608,10,100
1,3,0:00:01.751185,1,69,[ 0. 33.  1.  2. 21. 22.  3.  4. 23.  5.  7.  8.  9. 10. 11. 12.  6. 13. 15. 16. 14. 17. 29. 26. 27. 28. 20.],1.6811769092566957,10,100
1,3,0:00:01.751185,1,70,[ 0.  0.  0.  0.  0.  0. 33.  1.  2.  3.  4.  5.  6.  5.  7.  8.  9. 10. 11. 12.  6. 13. 14. 13. 24. 25. 14.],1.4888117012564004,10,100
1,3,0:00:01.751185,1,71,[ 0.  0.  0.  0.  0. 33.  1.  2. 21. 22.  3.  4. 23.  5.  7.  9.  8. 10. 11. 12.  6. 13. 14. 13. 25. 24. 14.],1.5280710098182388,10,100
1,3,0:00:01.751185,1,72,[ 0.  0. 33.  1.  2.  3.  4.  5.  7.  9.  8. 10. 11. 12.  6. 13. 14. 13. 15. 16. 14. 17. 27. 28. 29. 26. 20.],1.7884782844817915,10,100
1,3,0:00:01.751185,1,73,[ 0.  0.  0.  0.  0.  0.  0.  0. 33.  1.  2.  3.  4.  5.  6.  5.  7.  9.  8. 10. 11. 12.  6. 13. 24. 25. 14.],1.539526424661218,10,100
1,3,0:00:01.751185,1,74,[ 0.  0.  0.  0.  0.  0. 33.  1.  2.  3.  4.  5.  7.  9.  8. 10. 11. 12.  6. 13. 14. 13. 14. 13. 25. 24. 14.],1.4471733012724168,10,100
1,3,0:00:01.751185,1,75,[ 0.  0.  0.  0. 33.  1.  2.  3.  4.  5.  7.  8.  9. 10. 11. 12.  6. 13. 14. 13. 14. 13. 14. 13. 24. 25. 14.],1.404536093928921,10,100
1,3,0:00:01.751185,1,76,[ 0. 33.  1.  2.  3.  4.  5.  6.  5.  7.  8.  9. 10. 11. 12.  6. 13. 14. 13. 14. 13. 14. 13. 14. 14. 25. 24.],1.2796738579237836,10,100
1,3,0:00:01.751185,1,77,[ 0.  0.  0.  0.  0.  0.  0.  0. 33.  1.  2.  3.  4.  5.  6.  5.  7.  9.  8. 10. 11. 12.  6. 13. 25. 24. 14.],1.5399011551463637,10,100
1,3,0:00:01.751185,1,78,[ 0. 33.  1.  2. 21. 22.  3.  4. 23.  5.  7.  9.  8. 10. 11. 12.  6. 13. 14. 13. 15. 16. 14. 17. 18. 19. 20.],1.2730416341048747,10,100
1,3,0:00:01.751185,1,79,[ 0.  0. 33.  1.  2.  3.  4.  5.  6.  5.  7.  9.  8. 10. 11. 12.  6. 13. 15. 16. 14. 17. 26. 29. 27. 28. 20.],1.8249686376262357,10,100
1,3,0:00:01.751185,1,80,[ 0.  0.  0. 33.  1.  2. 21. 22.  3.  4. 23.  5.  6.  5.  7.  9.  8. 10. 11. 12.  6. 13. 14. 13. 25. 24. 14.],1.4998569631438134,10,100
1,3,0:00:01.751185,1,81,[ 0. 33.  1.  2. 21. 22.  3.  4. 23.  5.  7.  9.  8. 10. 11. 12.  6. 13. 14. 13. 14. 13. 14. 13. 24. 25. 14.],1.3572348074662122,10,100
1,3,0:00:01.751185,1,82,[ 0.  0.  0.  0. 33.  1.  2.  3.  4.  5.  7.  9.  8. 10. 11. 12.  6. 13. 15. 16. 14. 17. 27. 29. 28. 26. 20.],1.8314256395898951,10,100
1,3,0:00:01.751185,1,83,[ 0.  0.  0.  0. 33.  1.  2.  3.  4.  5.  6.  5.  7.  8.  9. 10. 11. 12.  6. 13. 14. 13. 14. 13. 25. 24. 14.],1.4608651677543132,10,100
1,3,0:00:01.751185,1,84,[ 0.  0.  0.  0.  0. 33.  1.  2. 21. 22.  3.  4. 23.  5.  6.  5.  7.  8.  9. 10. 11. 12.  6. 13. 24. 25. 14.],1.58814299316992,10,100
1,3,0:00:01.751185,1,85,[ 0.  0.  0.  0.  0.  0.  0. 33.  1.  2. 21. 22.  3.  4. 23.  5.  7.  8.  9. 10. 11. 12.  6. 13. 24. 25. 14.],1.5949289887541467,10,100
1,3,0:00:01.751185,1,86,[ 0.  0. 33.  1.  2.  3.  4.  5.  7.  8.  9. 10. 11. 12.  6. 13. 15. 16. 14. 17. 20. 17. 26. 28. 29. 27. 20.],1.7570998063314789,10,100
1,3,0:00:01.751185,1,87,[ 0.  0.  0.  0.  0.  0.  0.  0. 33.  1.  2.  3.  4.  5.  6.  5.  7.  8.  9. 10. 11. 12.  6. 13. 25. 24. 14.],1.561243086391475,10,100
1,3,0:00:01.751185,1,88,[ 0.  0.  0.  0.  0. 33.  1.  2. 21. 22.  3.  4. 23.  5.  6.  5.  7.  8.  9. 10. 11. 12.  6. 13. 24. 25. 14.],1.5157985819602149,10,100
1,3,0:00:01.751185,1,89,[ 0.  0. 33.  1.  2.  3.  4.  5.  7.  8.  9. 10. 11. 12.  6. 13. 14. 13. 14. 13. 14. 13. 14. 13. 25. 24. 14.],1.3887474821995929,10,100
1,3,0:00:01.751185,1,90,[ 0.  0.  0.  0. 33.  1.  2.  3.  4.  5.  6.  5.  7.  6.  5.  8.  9. 10. 11. 12.  6. 13. 14. 13. 25. 24. 14.],1.4668118218710422,10,100
1,3,0:00:01.751185,1,91,[ 0.  0. 33.  1.  2.  3.  4.  5.  6.  5.  7.  8.  9. 10. 11. 12.  6. 13. 15. 16. 14. 17. 26. 29. 27. 28. 20.],1.7914472207879326,10,100
1,3,0:00:01.751185,1,92,[ 0.  0.  0.  0.  0.  0. 33.  1.  2.  3.  4.  5.  6.  5.  6.  5.  7.  8.  9. 10. 11. 12.  6. 13. 25. 24. 14.],1.4973945359396827,10,100
1,3,0:00:01.751185,1,93,[ 0.  0. 33.  1.  2.  3.  4.  5.  6.  5.  7.  8.  9. 10. 11. 12.  6. 13. 15. 16. 14. 17. 29. 27. 26. 28. 20.],1.8366954080641789,10,100
1,3,0:00:01.751185,1,94,[ 0.  0. 33.  1.  2.  3.  4.  5.  7.  9.  8. 10. 11. 12.  6. 13. 14. 13. 15. 16. 14. 17. 26. 28. 29. 27. 20.],1.7961069940193524,10,100
1,3,0:00:01.751185,1,95,[ 0.  0.  0.  0.  0.  0. 33.  1.  2.  3.  4.  5.  7.  8.  9. 10. 11. 12.  6. 13. 15. 16. 14. 17. 19. 18. 20.],1.3809033495447118,10,100
1,3,0:00:01.751185,1,96,[ 0.  0. 33.  1.  2.  3.  4.  5.  7.  8.  9. 10. 11. 12.  6. 13. 14. 13. 15. 16. 14. 17. 27. 29. 28. 26. 20.],1.7162132145289135,10,100
1,3,0:00:01.751185,1,97,[ 0. 33.  1.  2. 21. 22.  3.  4. 23.  5.  7.  8.  9. 10. 11. 12.  6. 13. 14. 13. 14. 13. 14. 13. 19. 18. 14.],1.3302721927258123,10,100
1,3,0:00:01.751185,1,98,[ 0.  0. 33.  1.  2.  3.  4.  5.  6.  5.  6.  5.  6.  5.  6.  5.  7.  8.  9. 10. 11. 12.  6. 13. 25. 24. 14.],1.3980974581345627,10,100
1,3,0:00:01.751185,1,99,[ 0.  0.  0.  0.  0.  0.  0.  0.  0.  0. 33.  1.  2.  3.  4.  5.  7.  8.  9. 10. 11. 12.  6. 13. 24. 25. 14.],1.5743963557939378,10,100
1,3,0:00:01.751185,1,100,[ 0. 33.  1.  2. 21. 22.  3.  4. 23.  5.  6.  5.  7.  9.  8. 10. 11. 12.  6. 13. 14. 13. 14. 13. 25. 24. 14.],1.4181106784673196,10,100
