time:timestamp,ft_2,ft_3,ft_4,ft_5,ft_6,ft_7,ft_8,ft_9,ft_10,concept:name,label,a_constant,a_binary,a_categorical,a_timestamp,to_drop_at_start,case:concept:name
2022-06-26 04:21:41.199272+00:00,2.269946142868826,2.68647491917657,-3.9225905404410346,4.160118451376079,-2.697860091051192,-4.625874438238203,0.5485246939148336,-1.2907771613756127,3.297897431324131,activity_1,deviant,A CONSTANT,miss,morty,2022-06-26 04:21:41.199272,Drop THIS,1
2022-06-29 04:21:41.199272+00:00,3.082514720643019,-1.8286110717728468,4.5289939506974495,-2.090821618598814,0.1505712923171458,-2.4403490943239725,4.360435700489633,-3.3539218241798183,-4.55089380607671,activity_2,deviant,A CONSTANT,miss,morty,2022-06-29 04:21:41.199272,Drop THIS,1
2022-07-04 04:21:41.199272+00:00,-0.6490293999696206,4.923755640558371,3.916772662549139,2.4860801945694924,3.907924908785249,3.934466396978632,0.1885836038644903,-1.8407094816920695,2.72012432110988,activity_3,deviant,A CONSTANT,miss,morty,2022-07-04 04:21:41.199272,Drop THIS,1
2022-07-10 04:21:41.199272+00:00,1.6166126316776106,-1.2634227112628995,-4.055333319384848,2.4678961134902604,-2.375394840771353,4.368131505337793,-2.5902942499431525,-3.77242067588514,3.311126721249062,activity_6,deviant,A CONSTANT,miss,morty,2022-07-10 04:21:41.199272,Drop THIS,1
2022-07-01 04:21:41.199272+00:00,-3.002243483399424,3.041245261822628,2.1540712961580164,2.389840039155418,-3.689422484426868,-3.7624619634965537,4.275625510065076,-1.0242180617505934,-1.9905130821906027,activity_1,deviant,A CONSTANT,miss,chloe,2022-07-01 04:21:41.199272,Drop THIS,2
2022-07-04 04:21:41.199272+00:00,-0.1141595464846663,1.6286421276358247,4.5562325704697,-2.1355377311794497,4.248084293120272,-4.751405086137437,0.5519804232682466,1.3397511168108514,-3.941025962492467,activity_2,deviant,A CONSTANT,miss,morty,2022-07-04 04:21:41.199272,Drop THIS,2
2022-07-08 04:21:41.199272+00:00,-3.596604029360874,-0.8088568068369621,4.662319121431818,0.960425532343728,4.330232216002113,3.0436091561297083,-0.3261839844470851,2.847634492521874,-4.821632160230123,activity_1,deviant,A CONSTANT,hit,morty,2022-07-08 04:21:41.199272,Drop THIS,2
2022-07-13 04:21:41.199272+00:00,-3.908560032342651,3.2942861488273643,2.9681708832516174,-2.6735925803356637,0.3076959059905348,1.060158207000109,3.677389537760112,1.0310715733872566,-0.8742843072631965,activity_2,deviant,A CONSTANT,miss,morty,2022-07-13 04:21:41.199272,Drop THIS,2
2022-07-18 04:21:41.199272+00:00,-1.2581595659281728,-0.7411791362649014,1.519310255799741,3.6749063175232486,-0.4610311792370023,-2.521604370486419,-2.6333763700241883,2.460142802434464,3.165687634239104,activity_3,deviant,A CONSTANT,miss,morty,2022-07-18 04:21:41.199272,Drop THIS,2
2022-07-25 04:21:41.199272+00:00,-3.947219201458751,-4.334411430448219,0.9443366375645184,-3.5382675580730174,3.246641904563413,-1.896653260759256,-3.561280670288573,4.209704724874502,-3.3446827726472184,activity_4,deviant,A CONSTANT,miss,morty,2022-07-25 04:21:41.199272,Drop THIS,2
2022-06-30 04:21:41.199272+00:00,-2.152799176620644,-3.4638660480794137,-3.84509936334645,-4.7885198366356,-4.446045908357399,-3.253585290641473,-4.466180673728246,0.9114381611097128,1.807145267995064,activity_1,regular,A CONSTANT,miss,morty,2022-06-30 04:21:41.199272,Drop THIS,3
2022-07-04 04:21:41.199272+00:00,-1.0636954316797178,-1.8200890304795057,0.0452623702223009,3.750049422346086,3.5113162682220604,-4.56524937987208,-3.185015904034759,-2.63255128895604,-2.506124241677882,activity_7,regular,A CONSTANT,miss,morty,2022-07-04 04:21:41.199272,Drop THIS,3
2022-07-09 04:21:41.199272+00:00,0.7123265174277273,-0.837375742968077,-4.50745880072406,-1.263858615404284,0.2375294871763724,-3.983280970962841,3.334585537885598,-4.480381335348957,4.248418690180621,activity_1,regular,A CONSTANT,miss,rick,2022-07-09 04:21:41.199272,Drop THIS,3
2022-07-15 04:21:41.199272+00:00,-4.008868584201245,3.435749515977527,4.026531439276171,4.795706805865926,3.0202588027359347,2.7947754077132894,1.4248327599554766,2.7899635457812897,-3.6544779158685294,activity_1,regular,A CONSTANT,miss,morty,2022-07-15 04:21:41.199272,Drop THIS,3
2022-07-22 04:21:41.199272+00:00,0.3606803594763725,0.1422287019041448,3.575721441225575,-0.3720063440648413,-1.1491050389964652,1.3956327123711008,-2.33536682499154,-3.6023158904604315,-0.2212272597625419,activity_2,regular,A CONSTANT,miss,rick,2022-07-22 04:21:41.199272,Drop THIS,3
2022-07-29 04:21:41.199272+00:00,-0.8311063140511497,-2.674300594711263,-1.32488189884872,-1.336075501737526,-1.7250443558745454,-1.20535920273071,1.8574334545594533,-2.031235254287147,4.488579267153405,activity_3,regular,A CONSTANT,miss,morty,2022-07-29 04:21:41.199272,Drop THIS,3
2022-06-30 04:21:41.199272+00:00,4.16348019538178,-0.190895716999214,-1.7163879499531118,0.3543478983000314,3.4856048877362458,1.52587340560102,3.0439182794707733,0.3272227606574018,1.3291762926762072,activity_1,regular,A CONSTANT,miss,morty,2022-06-30 04:21:41.199272,Drop THIS,4
2022-07-03 04:21:41.199272+00:00,-2.118443858175383,2.3489316231029083,-2.9759540687428165,1.947981288184982,3.60719068325894,-3.678971626984561,1.143797405419198,-4.049042517700654,2.257156282714269,activity_2,regular,A CONSTANT,miss,chloe,2022-07-03 04:21:41.199272,Drop THIS,4
2022-07-06 04:21:41.199272+00:00,-4.155067811764797,4.35939822700626,-3.6259206996219775,4.588802459090804,3.0088417608509666,0.9368200446635412,2.826241046295469,2.951148389830859,4.460270628173303,activity_1,regular,A CONSTANT,miss,rick,2022-07-06 04:21:41.199272,Drop THIS,4
2022-07-12 04:21:41.199272+00:00,-2.466166461608128,0.9007589535830912,-4.049508024355988,1.1616570002412132,-3.287086959072112,0.649506114724419,0.7243051403384975,-0.3401484701877262,0.2263177551312276,activity_2,regular,A CONSTANT,miss,morty,2022-07-12 04:21:41.199272,Drop THIS,4
2022-07-18 04:21:41.199272+00:00,2.6392339000658795,2.992447165120666,-0.0784678442457087,0.9959344152261228,4.312362356901019,-3.802664114988772,-3.828964340998895,-4.122909880892316,1.5786328504052785,activity_3,regular,A CONSTANT,miss,morty,2022-07-18 04:21:41.199272,Drop THIS,4
2022-07-24 04:21:41.199272+00:00,-0.813916992096205,2.7432141614184324,1.7123141330859255,-1.6636224167176183,3.983665473615357,2.625321470706523,-2.294650590898243,-1.3580798222794597,-1.8556001979573715,activity_4,regular,A CONSTANT,miss,rick,2022-07-24 04:21:41.199272,Drop THIS,4
2022-06-29 04:21:41.199272+00:00,-3.4238835137500034,-3.5221662745780837,4.361274633757441,-0.6209596280124678,-1.1668017722259014,2.2968570867737794,0.5299306525289991,4.361399868384622,2.803014939093922,activity_1,deviant,A CONSTANT,miss,rick,2022-06-29 04:21:41.199272,Drop THIS,5
2022-07-03 04:21:41.199272+00:00,-0.2063043587545969,-1.236405265191738,4.866315449243221,2.1776023600364347,4.511946600038412,-3.8152142278295855,3.505336791907826,1.3707388399120752,-3.7807832166488735,activity_7,deviant,A CONSTANT,miss,rick,2022-07-03 04:21:41.199272,Drop THIS,5
2022-07-06 04:21:41.199272+00:00,0.882579999692207,1.8609636510544885,-4.876973141113972,-0.4568203815825349,3.253995111963212,-2.0464097465591014,-0.4145191820144891,-0.5768587293210681,-1.980726085575084,activity_1,deviant,A CONSTANT,miss,rick,2022-07-06 04:21:41.199272,Drop THIS,5
2022-07-11 04:21:41.199272+00:00,4.184418955155543,2.8129403543151588,-3.8941158900388952,4.970346578375731,3.792000243077453,-2.16091562135961,3.3689657966093822,-3.935804681286172,4.991047304742386,activity_1,deviant,A CONSTANT,hit,rick,2022-07-11 04:21:41.199272,Drop THIS,5
2022-07-16 04:21:41.199272+00:00,1.656847361065369,1.5012501555879698,-4.095592730158673,3.970333988966253,-4.710004967955306,-2.5917194195885296,-3.56978124833365,2.767679406922186,-3.017957727871021,activity_2,deviant,A CONSTANT,miss,morty,2022-07-16 04:21:41.199272,Drop THIS,5
2022-07-24 04:21:41.199272+00:00,4.106382271308853,1.5626903932749014,-4.638372895053038,-4.945701658712995,-4.48342082985601,1.0592517764772769,3.0148181085941523,-2.614471793726115,3.494088429230729,activity_3,deviant,A CONSTANT,miss,morty,2022-07-24 04:21:41.199272,Drop THIS,5
2022-07-03 04:21:41.199272+00:00,-4.427680598467396,3.0096385364167624,4.277954301722804,2.7210839910438054,1.9812078397863715,3.379802186553832,-4.598487004529336,-2.982178892809446,-3.750763206943569,activity_1,deviant,A CONSTANT,miss,rick,2022-07-03 04:21:41.199272,Drop THIS,6
2022-07-05 04:21:41.199272+00:00,0.0453099019298655,2.4518812832884453,1.300118445763987,3.5113109976193506,-3.4478700755890914,2.3462109193516154,-3.069585091310959,-2.292412486821997,2.0990469728130385,activity_2,deviant,A CONSTANT,miss,rick,2022-07-05 04:21:41.199272,Drop THIS,6
2022-07-08 04:21:41.199272+00:00,4.802047848986819,1.1154360597706958,-4.454996850087044,1.1630896992753286,-4.576494484198329,3.841457113668172,2.0957828510062075,-3.268721535774968,-4.082789941758019,activity_1,deviant,A CONSTANT,miss,rick,2022-07-08 04:21:41.199272,Drop THIS,6
2022-07-13 04:21:41.199272+00:00,-3.1646677111968105,4.800271795541924,-0.4143935754151018,2.84080948341408,1.364083421077769,0.7241314995863739,-3.548697453349503,4.460244535580952,-1.9865736748528209,activity_2,deviant,A CONSTANT,miss,morty,2022-07-13 04:21:41.199272,Drop THIS,6
2022-07-20 04:21:41.199272+00:00,0.7801721580754215,1.9977594458906616,1.492331552453089,4.405944096955185,-3.51561010079942,0.0835273844694208,-0.95965609259234,-0.258312705173819,-3.807824738022554,activity_3,deviant,A CONSTANT,miss,morty,2022-07-20 04:21:41.199272,Drop THIS,6
2022-07-28 04:21:41.199272+00:00,-3.659053901272346,-2.2192445421874263,-1.9529539623916872,-0.7209678631865,1.1098754703662823,1.34629117418263,-0.8818910341442976,-0.9121689057130292,-2.82371473303038,activity_4,deviant,A CONSTANT,miss,morty,2022-07-28 04:21:41.199272,Drop THIS,6
2022-06-25 04:21:41.199272+00:00,0.8830624840900825,-1.8295908868276207,-4.639401657226363,-0.8159995584313959,-0.2586732490982966,-2.74407131795789,0.7245793312211566,0.6577190043192092,2.020021811103714,activity_1,deviant,A CONSTANT,hit,rick,2022-06-25 04:21:41.199272,Drop THIS,7
2022-06-27 04:21:41.199272+00:00,1.4794848220121004,1.5243305652103158,-1.837858481759569,2.874322219859539,0.4914438359967938,-0.6858180482010994,1.2601248094105708,-1.393426655497457,0.1273924460675823,activity_1,deviant,A CONSTANT,miss,rick,2022-06-27 04:21:41.199272,Drop THIS,7
2022-07-02 04:21:41.199272+00:00,2.367056884822203,3.864028867237078,4.210571972951916,0.0363292518309918,0.2027511474056904,2.998704107638365,-1.8554930825579872,3.3738236234506864,-0.0585835348257655,activity_2,deviant,A CONSTANT,miss,chloe,2022-07-02 04:21:41.199272,Drop THIS,7
2022-07-07 04:21:41.199272+00:00,-3.841432756647316,-4.279408529270564,3.4199321103946314,-4.444320830931221,-2.193885638663441,-1.658699594984542,-3.270055548084062,-1.861066301980108,2.426925667250856,activity_5,deviant,A CONSTANT,miss,rick,2022-07-07 04:21:41.199272,Drop THIS,7
2022-06-30 04:21:41.199272+00:00,0.2508830296726119,-3.3624869574170413,-3.340931321234664,3.363042905502379,4.891330026836055,0.559694280284484,3.390697308817135,4.903216643262725,-3.584041114312253,activity_7,regular,A CONSTANT,miss,rick,2022-06-30 04:21:41.199272,Drop THIS,8
2022-07-04 04:21:41.199272+00:00,-0.5175438674564887,-1.0742728415808012,-4.19950716353815,2.553301727947445,-0.6622097267740701,-0.3067306580959874,-3.493270261867598,-3.1907334776913188,4.071036221562149,activity_1,regular,A CONSTANT,miss,rick,2022-07-04 04:21:41.199272,Drop THIS,8
2022-07-09 04:21:41.199272+00:00,-4.553509110257211,-2.6714771505629376,-2.0794066968547167,-0.0980245759841356,0.8644517301479588,-0.0671002414933337,-4.15884665443118,-2.5633254594428645,3.435883847625412,activity_2,regular,A CONSTANT,miss,chloe,2022-07-09 04:21:41.199272,Drop THIS,8
2022-07-14 04:21:41.199272+00:00,1.375887004784591,1.491490501342744,1.7020325535135497,2.629030190395291,-4.418915182785526,-1.3339161506738764,0.395274352616787,-1.6154351670267395,3.4447887328718654,activity_5,regular,A CONSTANT,miss,morty,2022-07-14 04:21:41.199272,Drop THIS,8
2022-06-27 04:21:41.199272+00:00,4.274604585040267,-0.5179267174312852,-1.9246492757921383,0.9847719155773662,-4.926855437069843,-2.219778933991861,2.0303346569889253,1.3376977306926294,4.818059475425354,activity_1,deviant,A CONSTANT,miss,morty,2022-06-27 04:21:41.199272,Drop THIS,9
2022-07-01 04:21:41.199272+00:00,1.2035770965804409,-0.2249412637226724,2.6143256318400763,4.033278719640531,2.206959467183516,4.632112235493796,2.820051707381772,3.6680143826192655,-3.858959288163628,activity_2,deviant,A CONSTANT,miss,chloe,2022-07-01 04:21:41.199272,Drop THIS,9
2022-07-04 04:21:41.199272+00:00,2.324135029937877,-0.5991130047263136,0.5310380241127524,1.5410240948235678,4.698151167055695,4.845780814316246,-2.117717545120948,2.337534974379162,2.499835379352686,activity_3,deviant,A CONSTANT,miss,rick,2022-07-04 04:21:41.199272,Drop THIS,9
2022-07-08 04:21:41.199272+00:00,-1.5350713868695118,-3.76130225135779,-4.590530397142802,2.7734312752917853,-0.1030025818309408,4.855401694949261,-0.3502654380634693,4.779169790738402,-0.8842399780594015,activity_6,deviant,A CONSTANT,miss,chloe,2022-07-08 04:21:41.199272,Drop THIS,9
2022-06-24 04:21:41.199272+00:00,1.2189777337524577,3.581253046248232,-4.9549987506034086,0.1462934211634978,1.772873993643972,-4.703927108713868,-0.9864444244661206,3.956348813836968,1.7161280885585877,activity_1,deviant,A CONSTANT,miss,rick,2022-06-24 04:21:41.199272,Drop THIS,10
2022-06-28 04:21:41.199272+00:00,-2.623416366394027,3.5278112963191277,-1.5196857659048568,3.533446711440595,-2.010563488810945,0.90320250883149,-1.0305993225216592,-2.251749492449329,3.865575621718692,activity_1,deviant,A CONSTANT,miss,morty,2022-06-28 04:21:41.199272,Drop THIS,10
2022-07-01 04:21:41.199272+00:00,-3.124063180605087,-4.151884087642369,-1.5807306145433966,2.1763914764156755,3.0743160597628165,4.987433700667648,-2.036379429888351,-0.920580488687178,-3.631787219703737,activity_1,deviant,A CONSTANT,miss,morty,2022-07-01 04:21:41.199272,Drop THIS,10
2022-07-07 04:21:41.199272+00:00,0.7487192962303357,4.975800372629172,2.008810101206585,0.9521284041337176,-1.07630907078206,4.152987602855548,-0.030834038696506,-3.656330866869385,-1.3462153680086653,activity_2,deviant,A CONSTANT,hit,morty,2022-07-07 04:21:41.199272,Drop THIS,10
2022-07-12 04:21:41.199272+00:00,-4.328333311522331,-2.9802096231121844,-4.823312190000878,-0.4672008349983656,1.3454026495179718,-1.5670753762109224,-0.7961822849472284,4.59209272844576,2.519631215749155,activity_3,deviant,A CONSTANT,miss,chloe,2022-07-12 04:21:41.199272,Drop THIS,10
2022-07-20 04:21:41.199272+00:00,0.4085663694495123,-2.154591248881748,3.969967987729952,-2.649028831193405,-1.7465726948332296,4.090648144229485,0.2954205528507234,2.423179494179766,0.9074479416376616,activity_4,deviant,A CONSTANT,miss,rick,2022-07-20 04:21:41.199272,Drop THIS,10
2022-07-01 04:21:41.199272+00:00,1.5343920900949517,-2.0061670848517443,-2.58627938373337,-1.7750765283133472,-3.4455843591657755,3.743143652908074,-2.167530667498859,0.6148939441438461,2.919744251413741,activity_1,regular,A CONSTANT,miss,chloe,2022-07-01 04:21:41.199272,Drop THIS,11
2022-07-05 04:21:41.199272+00:00,2.8382410937571354,-0.6161374141580716,-0.2374269141327438,4.947017489350248,1.7459747697902408,3.146384431178827,4.02553969219232,2.875898362293392,-3.148206550464324,activity_1,regular,A CONSTANT,miss,morty,2022-07-05 04:21:41.199272,Drop THIS,11
2022-07-09 04:21:41.199272+00:00,0.6217073373757218,-3.9810584268545512,1.5292212656399844,4.553494281878109,0.1273206430011129,-0.6702750713223278,-4.641572485818369,4.597745223292204,-3.969973158698412,activity_2,regular,A CONSTANT,miss,morty,2022-07-09 04:21:41.199272,Drop THIS,11
2022-07-14 04:21:41.199272+00:00,-4.589209066951531,-2.539333884950615,-4.344695660816176,-0.448821575882377,0.160878012571124,-1.8743005097141603,-4.490395174251139,-3.8839963175077328,-1.1549562201007193,activity_5,regular,A CONSTANT,miss,chloe,2022-07-14 04:21:41.199272,Drop THIS,11
2022-07-05 04:21:41.199272+00:00,-2.5751714697166728,-0.2013659944893486,1.8325835765881295,-2.7174712453657945,-1.6926425794513331,4.303846175891504,-4.514307101530419,-0.3923039476043382,2.115580415967778,activity_7,regular,A CONSTANT,miss,rick,2022-07-05 04:21:41.199272,Drop THIS,12
2022-07-08 04:21:41.199272+00:00,-3.49545988442526,-4.526259799945182,-3.617946283614693,4.188231935306829,-4.907402181788766,-3.116780251886482,-4.687164870983555,-3.8937053243779673,1.2014928662829627,activity_1,regular,A CONSTANT,miss,chloe,2022-07-08 04:21:41.199272,Drop THIS,12
2022-07-12 04:21:41.199272+00:00,-2.583610912609142,0.692120504306768,0.9019538276612612,3.494353330897791,-4.952586070881261,3.533694593423668,1.19119086426974,-3.3725651389504243,2.7293738813528403,activity_2,regular,A CONSTANT,miss,morty,2022-07-12 04:21:41.199272,Drop THIS,12
2022-07-17 04:21:41.199272+00:00,3.554915417905857,-2.457365162458427,4.187936809026809,-0.455425697013422,1.034244543333215,4.846495336176437,-1.3846392136080068,3.131593458201129,-1.8160088217154036,activity_5,regular,A CONSTANT,miss,morty,2022-07-17 04:21:41.199272,Drop THIS,12
2022-07-01 04:21:41.199272+00:00,1.9309542692970147,-3.270560635579219,0.0729270158204329,4.917744759287107,-4.959923952666605,-4.834201981024431,4.930845819305066,0.8463883413416546,-3.730900244814869,activity_1,deviant,A CONSTANT,miss,rick,2022-07-01 04:21:41.199272,Drop THIS,13
2022-07-03 04:21:41.199272+00:00,3.973021997540936,3.803803001276922,0.3620041311137525,1.2179202986075657,-2.2681280849912366,-4.494803036279949,0.9456760889086436,-2.05244806797237,1.6362104666035195,activity_2,deviant,A CONSTANT,miss,morty,2022-07-03 04:21:41.199272,Drop THIS,13
2022-07-06 04:21:41.199272+00:00,3.3624517684260127,-4.818394560856359,0.9571377468572742,-2.687194603131477,3.738884979038014,-2.463354934381715,1.1077013323541829,0.5354084008961149,-1.0383349994075108,activity_3,deviant,A CONSTANT,hit,morty,2022-07-06 04:21:41.199272,Drop THIS,13
2022-07-11 04:21:41.199272+00:00,1.7762076359979408,2.2576963471543383,0.6693779531938677,2.5842223718475408,4.834170759929377,-0.8072761209919488,0.145830518855309,-4.875301220587867,2.960285563103784,activity_6,deviant,A CONSTANT,miss,morty,2022-07-11 04:21:41.199272,Drop THIS,13
2022-07-02 04:21:41.199272+00:00,2.417164105197349,2.311359766527953,2.8296013002608493,0.6993381864152637,-3.953849031952248,4.039732908780401,3.6557253932102816,2.98097435818333,-4.001375228392705,activity_1,regular,A CONSTANT,hit,rick,2022-07-02 04:21:41.199272,Drop THIS,14
2022-07-06 04:21:41.199272+00:00,-2.956026329185708,2.4360036510765197,-4.768599054180536,4.792246337072797,-1.228553196443193,2.193125336908236,3.8757108848804336,-1.0537011184991774,-1.80867511400334,activity_1,regular,A CONSTANT,miss,rick,2022-07-06 04:21:41.199272,Drop THIS,14
2022-07-10 04:21:41.199272+00:00,1.0874112889824676,0.8098937374805075,-0.9086002237520284,1.017747558677085,4.353813695664947,-0.3235974337340348,-3.0325781924936868,-1.2279401711699611,-1.0589301740688135,activity_1,regular,A CONSTANT,miss,morty,2022-07-10 04:21:41.199272,Drop THIS,14
2022-07-14 04:21:41.199272+00:00,-3.6889130697378016,-3.371284994454451,1.845620733936773,-1.605222457910973,4.548983918558076,-2.5640325464139258,-4.010754948951777,2.535045630002579,3.810360519178701,activity_2,regular,A CONSTANT,miss,rick,2022-07-14 04:21:41.199272,Drop THIS,14
2022-07-21 04:21:41.199272+00:00,-2.2188664312851216,-2.97911898354522,-3.142338651289128,0.2201230136651233,-0.3158335875322908,-2.405601601454657,-4.548268830105736,-0.185086596737193,4.593323476356083,activity_3,regular,A CONSTANT,miss,morty,2022-07-21 04:21:41.199272,Drop THIS,14
2022-07-28 04:21:41.199272+00:00,1.5251920075266323,-0.0449344337138155,-3.893079259703839,-2.475637094504127,-2.0522605042545727,2.648035526072343,3.767107972646194,4.016418535664384,4.845686082507541,activity_4,regular,A CONSTANT,miss,chloe,2022-07-28 04:21:41.199272,Drop THIS,14
2022-07-02 04:21:41.199272+00:00,4.823666831045324,4.529991327679815,-4.281778594971156,-3.622064640721948,-1.955334735239671,0.5289825406446145,-4.030221112945207,3.457969578021425,1.1675617907730906,activity_1,deviant,A CONSTANT,miss,rick,2022-07-02 04:21:41.199272,Drop THIS,15
2022-07-05 04:21:41.199272+00:00,0.4236440230220495,-3.3468867663270885,-2.4674452559980264,-3.3968797501774195,3.5193315779479857,0.8422786006121816,2.3512942751963344,-2.0396713708997427,-1.2874736291172284,activity_7,deviant,A CONSTANT,miss,rick,2022-07-05 04:21:41.199272,Drop THIS,15
2022-07-09 04:21:41.199272+00:00,-0.9514503557346624,2.600149717440349,2.7235298767456806,-2.931864724859683,4.41538856738099,-3.793446625563136,3.961220824236303,-3.996043543501907,-2.354601888486889,activity_1,deviant,A CONSTANT,miss,morty,2022-07-09 04:21:41.199272,Drop THIS,15
2022-07-13 04:21:41.199272+00:00,3.4647853606795707,-3.2050792765391254,-0.8643206869003013,-0.5014070005587374,-2.5474102697679037,2.1024520133598656,3.513346494022038,3.7457513985557194,-1.6067785426343906,activity_1,deviant,A CONSTANT,miss,rick,2022-07-13 04:21:41.199272,Drop THIS,15
2022-07-19 04:21:41.199272+00:00,0.3085039428781444,-2.515935961343485,-2.5520349844985457,-3.387459371480759,4.400190108075147,3.879888286055799,2.773587133276923,0.1766152128772899,-0.0939208448812811,activity_2,deviant,A CONSTANT,miss,morty,2022-07-19 04:21:41.199272,Drop THIS,15
2022-07-27 04:21:41.199272+00:00,0.2974566618249792,0.3656801357708925,-0.6543691530230964,-3.682451671079325,-3.74336147131464,4.522497158456833,-0.1796924041364942,4.53205524905189,-3.3642312228989004,activity_3,deviant,A CONSTANT,hit,morty,2022-07-27 04:21:41.199272,Drop THIS,15
2022-07-01 04:21:41.199272+00:00,0.5441655203993356,-2.922827466484608,-2.468153938733985,-4.699454212388212,-3.810466892597887,4.168484076291957,-1.7846700851766828,1.0812921191459155,-0.3498586801072703,activity_1,regular,A CONSTANT,miss,morty,2022-07-01 04:21:41.199272,Drop THIS,16
2022-07-04 04:21:41.199272+00:00,-0.9954875475472172,0.3188609134606812,-3.127610553846585,4.886038985195766,3.1830786870386305,2.416146327315153,-0.3124070298604753,-3.4712287787366405,4.2066585827356775,activity_2,regular,A CONSTANT,miss,morty,2022-07-04 04:21:41.199272,Drop THIS,16
2022-07-07 04:21:41.199272+00:00,-1.5861293261827236,-4.498933103030662,-1.5759632318937131,2.944570304958844,1.2270874498820818,2.5083858474485963,2.9363538386237744,-2.880453889194574,4.237833160931801,activity_1,regular,A CONSTANT,miss,morty,2022-07-07 04:21:41.199272,Drop THIS,16
2022-07-12 04:21:41.199272+00:00,-0.6201039707962739,1.3901364926416455,-4.97691227413258,4.93368498411178,-2.191036140358449,-4.379368934598448,-0.41737958463486,-3.709699428179583,-3.4767328984242427,activity_2,regular,A CONSTANT,miss,morty,2022-07-12 04:21:41.199272,Drop THIS,16
2022-07-18 04:21:41.199272+00:00,1.322828130302102,-1.0707260842976671,4.21852450154995,-1.8084350539192997,2.261801283839011,-0.3890056984509238,1.599513011292788,0.9969535671599044,-0.2721602724100176,activity_3,regular,A CONSTANT,hit,rick,2022-07-18 04:21:41.199272,Drop THIS,16
2022-07-26 04:21:41.199272+00:00,4.500610946244372,-1.5728635724504416,-3.2276449875072744,1.7809406087982822,3.460075613079088,-4.597462600600762,-0.5036731157731946,3.924876896873263,2.496186189228675,activity_4,regular,A CONSTANT,miss,morty,2022-07-26 04:21:41.199272,Drop THIS,16
2022-06-29 04:21:41.199272+00:00,4.918077164976282,0.3141381159724377,1.5999571880115129,-1.9751971886207187,4.475355996659923,-1.3366451144346367,2.385107126866286,-0.9685979588091804,0.618189300629993,activity_1,deviant,A CONSTANT,miss,morty,2022-06-29 04:21:41.199272,Drop THIS,17
2022-07-01 04:21:41.199272+00:00,2.197825350215462,0.0893415175135423,4.070863269095085,-0.8069901207218972,1.4707179814332516,-1.5763756669994589,-0.9184333176898694,-0.5994989176644765,-3.741929816877148,activity_1,deviant,A CONSTANT,miss,morty,2022-07-01 04:21:41.199272,Drop THIS,17
2022-07-05 04:21:41.199272+00:00,-4.082763209409933,1.6748992314675792,1.5551773834305225,1.629097142100953,-4.802335546573083,-1.7345315732822009,-3.0219015274080308,2.781514225440124,3.606304013961301,activity_2,deviant,A CONSTANT,miss,morty,2022-07-05 04:21:41.199272,Drop THIS,17
2022-07-11 04:21:41.199272+00:00,-2.533196227738527,1.6784915884798632,-3.7063719654172553,-2.2484747439828667,-3.613455037665805,-2.164792334007708,1.7473654734927797,4.103269101852526,-2.97477592075814,activity_5,deviant,A CONSTANT,hit,morty,2022-07-11 04:21:41.199272,Drop THIS,17
2022-06-25 04:21:41.199272+00:00,0.4454840204133958,-0.1017574390753726,1.3220250011486234,-1.658887330412444,-2.557949992341117,4.126718352555361,4.238744994985064,3.43322885761979,4.782044307645613,activity_7,deviant,A CONSTANT,miss,rick,2022-06-25 04:21:41.199272,Drop THIS,18
2022-06-29 04:21:41.199272+00:00,2.449915257796885,2.6466722856199967,2.6259009196264067,-0.193923690576935,-0.4354780548572829,-2.5977372385099686,1.4481919435929047,-2.106798638976654,-2.421915902976456,activity_1,deviant,A CONSTANT,miss,rick,2022-06-29 04:21:41.199272,Drop THIS,18
2022-07-02 04:21:41.199272+00:00,0.8596137409605475,-0.9001761177495684,-2.811433912053678,3.1605601675283115,3.60569919294376,-3.32300480322219,-4.924929672000001,-1.6387003147062629,2.9751083568075254,activity_2,deviant,A CONSTANT,miss,rick,2022-07-02 04:21:41.199272,Drop THIS,18
2022-07-08 04:21:41.199272+00:00,3.3917386623432435,-3.616709298839508,2.743359011830512,-3.8429583269057055,-1.0993740984347076,4.986095150119159,-3.074091767690902,-3.460364174223736,-0.7719966745320654,activity_5,deviant,A CONSTANT,miss,chloe,2022-07-08 04:21:41.199272,Drop THIS,18
2022-07-02 04:21:41.199272+00:00,4.994219092241877,0.1645940263564096,-4.04800913039136,2.2784329896871838,4.766640782165892,-1.8167361237097968,-0.3879111416242615,-0.752230751845441,-4.485808454430707,activity_1,deviant,A CONSTANT,miss,rick,2022-07-02 04:21:41.199272,Drop THIS,19
2022-07-05 04:21:41.199272+00:00,1.722644312234448,-1.4666230493153218,2.8746387463150223,3.321200752819861,3.2123078659784543,-0.8333400196011986,-1.7845431775910048,2.4882077966705483,3.01389433842723,activity_2,deviant,A CONSTANT,hit,morty,2022-07-05 04:21:41.199272,Drop THIS,19
2022-07-09 04:21:41.199272+00:00,-0.0874255360863385,3.930310195363031,-3.5609130392144173,3.7906877965896015,-4.039047670281187,-3.464744779453861,0.3384001327396033,-4.32481519812585,-4.471928985998897,activity_3,deviant,A CONSTANT,miss,rick,2022-07-09 04:21:41.199272,Drop THIS,19
2022-07-13 04:21:41.199272+00:00,-4.994812558342945,-0.6368334030573681,2.7462388129222983,-4.651616497200843,1.522576064658554,3.231273174161865,-3.319991514221289,-3.5313626517859573,3.6080097362053607,activity_6,deviant,A CONSTANT,miss,rick,2022-07-13 04:21:41.199272,Drop THIS,19
2022-06-30 04:21:41.199272+00:00,-3.246534885460781,3.231076228068998,-1.0149337652578758,4.903884573604824,-3.627887422093876,1.5353982569364335,-0.5127049279874942,-1.0708182330292604,3.750841990540824,activity_1,deviant,A CONSTANT,hit,morty,2022-06-30 04:21:41.199272,Drop THIS,20
2022-07-04 04:21:41.199272+00:00,4.755956458283997,3.728589587741787,-3.07699320964867,-2.7920207879106598,1.5607387909506336,-2.109164183618083,2.3472513078057986,0.6642065080964468,0.5090876849040296,activity_1,deviant,A CONSTANT,miss,morty,2022-07-04 04:21:41.199272,Drop THIS,20
2022-07-08 04:21:41.199272+00:00,3.2854692483878587,2.1053277174267784,-4.734222350027083,-4.505408628539843,1.015584524560157,-0.1380792437772449,-2.398153446570086,-0.8134391268519838,2.579103187328605,activity_1,deviant,A CONSTANT,miss,morty,2022-07-08 04:21:41.199272,Drop THIS,20
2022-07-13 04:21:41.199272+00:00,3.266114846579299,0.6122306789004419,-1.1463051914289704,-2.29303238504893,0.2191847076925341,-1.85250381435619,0.6409513704722292,1.7665238250963764,-4.339207890806051,activity_2,deviant,A CONSTANT,hit,chloe,2022-07-13 04:21:41.199272,Drop THIS,20
2022-07-19 04:21:41.199272+00:00,-4.989325349772527,-2.8772286115925705,3.94511497718781,1.4629076322855914,-3.280396480629771,3.902639618236188,-0.3004405971265997,-0.2390824332133938,4.355419438426551,activity_3,deviant,A CONSTANT,miss,morty,2022-07-19 04:21:41.199272,Drop THIS,20
2022-07-26 04:21:41.199272+00:00,-4.4051330781666,-2.8482172537128148,0.8577132515472243,-3.04513490417996,1.795270092089578,-2.859077106632798,-4.008430294011856,-2.930148403591603,-0.7726596572793776,activity_4,deviant,A CONSTANT,miss,rick,2022-07-26 04:21:41.199272,Drop THIS,20
2022-07-01 04:21:41.199272+00:00,-3.238617008269201,-3.653079750766527,3.602818862189409,-1.796027964026922,-1.3924131348174642,-4.447295904987723,-1.4263037649794583,-2.3519282267842034,1.1048506734178858,activity_1,regular,A CONSTANT,miss,morty,2022-07-01 04:21:41.199272,Drop THIS,21
2022-07-03 04:21:41.199272+00:00,-2.946097023275933,3.883654530628405,4.296666209195552,-4.001689428232098,-3.925970437114228,-3.84673561889012,1.19569256310312,-3.780310357903771,3.5238231793026635,activity_1,regular,A CONSTANT,miss,rick,2022-07-03 04:21:41.199272,Drop THIS,21
2022-07-06 04:21:41.199272+00:00,2.5427151493789246,3.1980885823802403,0.2606052688602087,4.966772115191535,-4.558248970558387,-0.9873503581388664,-1.7606333106236385,4.486454987126411,0.7686095849759287,activity_1,regular,A CONSTANT,miss,chloe,2022-07-06 04:21:41.199272,Drop THIS,21
2022-07-11 04:21:41.199272+00:00,3.061909654447252,-3.2965880634148115,4.786341439004389,-0.0136045312368482,-0.0632792372935417,4.708847285457377,-1.1926763878285491,-1.0247497544500703,0.8475270280493667,activity_2,regular,A CONSTANT,hit,morty,2022-07-11 04:21:41.199272,Drop THIS,21
2022-07-16 04:21:41.199272+00:00,-3.719473894522131,-1.789143735881451,-3.067916775548695,-3.967165208929504,3.661446063310201,0.89331166127476,-1.4132720847208882,-0.913306226332872,-0.6848099631264537,activity_3,regular,A CONSTANT,miss,morty,2022-07-16 04:21:41.199272,Drop THIS,21
2022-07-22 04:21:41.199272+00:00,1.331491821447094,4.267693914889932,4.327796196569825,-1.085080204693366,-1.7073754040223044,-0.4895349981474499,0.6793423042849254,-0.3818208855025169,1.5875340981670094,activity_4,regular,A CONSTANT,miss,rick,2022-07-22 04:21:41.199272,Drop THIS,21
2022-06-27 04:21:41.199272+00:00,0.5439902337976363,-1.792844533059239,-1.5426919423736738,-1.2140721244026906,-4.0536023175061136,-3.339373675860269,2.2311380214538614,-1.1090328847791997,-2.8546102743985635,activity_1,deviant,A CONSTANT,miss,rick,2022-06-27 04:21:41.199272,Drop THIS,22
2022-07-01 04:21:41.199272+00:00,0.6267241057485728,2.5553954247342725,-2.4257763765462856,3.2678988192374447,4.275048596250496,0.9739452907384072,1.6894765899157962,-4.474240096769446,4.455198910219064,activity_2,deviant,A CONSTANT,hit,rick,2022-07-01 04:21:41.199272,Drop THIS,22
2022-07-06 04:21:41.199272+00:00,-1.075152657350562,4.239004005454298,0.7897752475024253,-4.953812011566724,-4.614580006765642,1.8041880566992197,0.6266801383193314,-4.734675627939256,2.4345996122238533,activity_3,deviant,A CONSTANT,miss,chloe,2022-07-06 04:21:41.199272,Drop THIS,22
2022-07-12 04:21:41.199272+00:00,3.521453370691818,-0.0358251756069174,-0.3424255964274501,-4.945268911653725,2.866497124935993,-1.692839332538946,3.787636197825396,-1.2693941244194695,0.6507791063070556,activity_6,deviant,A CONSTANT,hit,morty,2022-07-12 04:21:41.199272,Drop THIS,22
2022-06-25 04:21:41.199272+00:00,-0.7502061433389864,-1.3001563215280223,-0.8238070734595437,-3.816009168213312,2.947505584175718,3.3771685818704107,-2.1560286542659117,-1.962033815900559,3.7433425633481328,activity_1,regular,A CONSTANT,miss,chloe,2022-06-25 04:21:41.199272,Drop THIS,23
2022-06-29 04:21:41.199272+00:00,-4.760296444720446,0.2045744376722771,-0.3632428531849898,1.9012676957845975,-3.3660829985054552,1.6833074079515375,-1.2326599212512357,1.1871477816964209,-4.599049901272241,activity_3,regular,A CONSTANT,miss,rick,2022-06-29 04:21:41.199272,Drop THIS,23
2022-07-03 04:21:41.199272+00:00,-0.3827280281549061,0.2225089398237214,-2.856735971450134,-3.603763458208793,-3.1152569698769863,-1.5585892193665196,-4.031898506950285,4.473197957296044,-0.9500593850418272,activity_2,regular,A CONSTANT,miss,morty,2022-07-03 04:21:41.199272,Drop THIS,23
2022-07-09 04:21:41.199272+00:00,3.0896960250674894,4.744171231088467,-4.192647199972609,1.51669467934994,3.714090867412139,1.3423443396672834,-0.7097387864258735,-0.689236423620617,-4.641011139926411,activity_6,regular,A CONSTANT,miss,rick,2022-07-09 04:21:41.199272,Drop THIS,23
2022-07-05 04:21:41.199272+00:00,-0.5498394514600777,-4.36882829296129,4.687523213615988,-1.893458149189172,-3.106365083271462,-2.139526981596047,4.643731948914789,-4.0571394651199295,3.673030405011813,activity_1,regular,A CONSTANT,hit,morty,2022-07-05 04:21:41.199272,Drop THIS,24
2022-07-08 04:21:41.199272+00:00,2.078438944014477,3.300191791590281,4.758975403678964,3.421546555168719,4.433823512778529,-3.7306474320908025,2.9578856516697005,0.4567569408104779,0.4349559507986065,activity_3,regular,A CONSTANT,miss,morty,2022-07-08 04:21:41.199272,Drop THIS,24
2022-07-12 04:21:41.199272+00:00,3.989215763205136,4.718038186467112,2.04838323043181,-0.1706161052821606,-0.4359614209815463,-1.136585427768182,-1.3840097042733737,-1.084931583155686,-4.102467647488047,activity_2,regular,A CONSTANT,hit,rick,2022-07-12 04:21:41.199272,Drop THIS,24
2022-07-16 04:21:41.199272+00:00,-4.225639147395618,2.7986984387231173,-0.5392710707977386,4.306844885446205,1.1222100859395248,-4.6482401781558025,-3.4247665868252053,-2.941802069869924,4.757360243896606,activity_6,regular,A CONSTANT,miss,morty,2022-07-16 04:21:41.199272,Drop THIS,24
2022-07-01 04:21:41.199272+00:00,-1.520992242434077,-4.094209414645606,-2.7407104208321758,-0.6215843432416275,4.456936518244733,-1.2169017762658472,2.7077321366537,0.4047669217075498,-3.171912295690235,activity_1,deviant,A CONSTANT,miss,rick,2022-07-01 04:21:41.199272,Drop THIS,25
2022-07-05 04:21:41.199272+00:00,-1.792658810465484,1.5319188502281866,1.728533946848935,-0.6524025319095381,-2.7135439733788536,2.2190677951267634,-3.3112695838728525,4.366696918651266,-3.120964209635233,activity_2,deviant,A CONSTANT,miss,morty,2022-07-05 04:21:41.199272,Drop THIS,25
2022-07-09 04:21:41.199272+00:00,-3.926876371674796,-0.0235229763462117,0.1954959810969398,0.0819291477824482,-0.633325106611605,4.948148928296083,-0.1371938732941817,-0.2205341926016899,-0.7823393728543868,activity_3,deviant,A CONSTANT,hit,morty,2022-07-09 04:21:41.199272,Drop THIS,25
2022-07-14 04:21:41.199272+00:00,-4.331742452985371,0.9295663114961608,-2.720322277768176,1.3760898022904993,-4.4916653805152285,4.813871012530017,-0.3099492098732783,3.967553715906984,-0.2443882676706525,activity_6,deviant,A CONSTANT,miss,rick,2022-07-14 04:21:41.199272,Drop THIS,25
2022-06-30 04:21:41.199272+00:00,-2.845048581872996,2.452038427810108,-3.6884483081529007,-3.0141633646869197,1.2682498278420864,2.4726980019206977,3.9468788686781497,-2.2741350258410837,-3.892757413994457,activity_1,regular,A CONSTANT,miss,chloe,2022-06-30 04:21:41.199272,Drop THIS,26
2022-07-03 04:21:41.199272+00:00,4.560466595226291,-3.455769119778576,-3.0233301774536048,-2.086705464415343,0.2939135402628743,3.82825566034078,2.6054602272986696,2.0815755384263515,-3.248194321439964,activity_3,regular,A CONSTANT,miss,morty,2022-07-03 04:21:41.199272,Drop THIS,26
2022-07-06 04:21:41.199272+00:00,-1.4231736847402576,-0.2159507391332207,-3.5257404651441417,-2.265702978733275,-1.9166679604715575,-3.727238016709608,0.5023969190825763,2.050281965241929,-4.300683685231387,activity_2,regular,A CONSTANT,miss,morty,2022-07-06 04:21:41.199272,Drop THIS,26
2022-07-11 04:21:41.199272+00:00,-0.1887689823685026,2.8221119526779503,2.4799012895244683,3.150730962187541,-0.5175936682939302,3.2055708263986062,-2.592469287857305,-1.3918943858248465,-3.236444235821987,activity_6,regular,A CONSTANT,miss,morty,2022-07-11 04:21:41.199272,Drop THIS,26
2022-06-30 04:21:41.199272+00:00,3.897794665398687,4.086082465556419,2.914514878076223,-0.3906860892688977,-4.188459995761007,-4.841944445598662,-0.2279936671707538,-0.056854664653823,-0.9263761213702768,activity_1,deviant,A CONSTANT,miss,morty,2022-06-30 04:21:41.199272,Drop THIS,27
2022-07-03 04:21:41.199272+00:00,0.6816735129136458,0.5216270330442709,3.36613041032693,-3.913428967377376,-2.7482233389445456,2.930049789596304,3.478368672236545,4.948242136208679,3.729120163870842,activity_2,deviant,A CONSTANT,miss,morty,2022-07-03 04:21:41.199272,Drop THIS,27
2022-07-08 04:21:41.199272+00:00,3.898990070723311,-1.8565205737009516,-0.9833836599062362,-2.3191489517944897,1.062993981927156,4.388053542070384,-1.5535911348838227,0.5700178188145024,-2.0370036954651494,activity_1,deviant,A CONSTANT,miss,morty,2022-07-08 04:21:41.199272,Drop THIS,27
2022-07-13 04:21:41.199272+00:00,-3.3020002622729248,-3.0481447018134435,-4.420546554618701,4.492935230092574,-0.971203914923704,3.341208920021081,1.8132947268969115,-3.080788385889146,-3.245377534209122,activity_1,deviant,A CONSTANT,hit,morty,2022-07-13 04:21:41.199272,Drop THIS,27
2022-07-18 04:21:41.199272+00:00,3.119882015105448,-2.3528828938046265,4.132851837019757,-3.5994459531050937,1.777086144544695,3.1447387603093397,-2.6474361158435498,-2.2379263654343395,4.6451888613920165,activity_2,deviant,A CONSTANT,miss,rick,2022-07-18 04:21:41.199272,Drop THIS,27
2022-07-26 04:21:41.199272+00:00,-2.354023946538417,-0.7004295009995225,-0.6748440675763394,-2.469652500703164,2.7579108643709045,2.7184934322915524,-1.2168198577621436,3.351257910807337,-2.869250656009976,activity_3,deviant,A CONSTANT,hit,rick,2022-07-26 04:21:41.199272,Drop THIS,27
2022-07-04 04:21:41.199272+00:00,-4.956942243323214,0.7116736205574101,4.940777724523786,-4.613556901731154,-2.9200192629153943,0.1891464248708416,3.099407364448707,-4.109579949249468,-1.0476534624110565,activity_7,deviant,A CONSTANT,miss,morty,2022-07-04 04:21:41.199272,Drop THIS,28
2022-07-06 04:21:41.199272+00:00,2.470758006298864,-1.2845679159363843,-3.1116357952436102,-3.0450417260341265,-0.8995121308500575,-0.2058292519410889,3.61814417816014,1.4225241856799355,1.9040195451550144,activity_2,deviant,A CONSTANT,miss,rick,2022-07-06 04:21:41.199272,Drop THIS,28
2022-07-11 04:21:41.199272+00:00,4.8298717153590704,-0.8815655969902627,-0.9664559675087164,4.233469677258123,-2.5412441299494137,2.298152463028666,2.545731382181346,-4.022120025545569,-0.3176859430641601,activity_3,deviant,A CONSTANT,miss,rick,2022-07-11 04:21:41.199272,Drop THIS,28
2022-07-15 04:21:41.199272+00:00,-2.99437528678446,-3.1462472719751435,-0.3617188953712382,-2.1057029249193504,2.960604476258709,4.076048913904824,3.027206052883656,-2.3396912737833477,-2.258656063113916,activity_6,deviant,A CONSTANT,miss,rick,2022-07-15 04:21:41.199272,Drop THIS,28
2022-06-30 04:21:41.199272+00:00,-1.9419977126143264,1.1891638117352592,2.5996688370073,-3.717067414888798,2.8083835451904795,4.385114589610659,2.2837496574640905,-0.5877725151944189,3.766781387517028,activity_1,deviant,A CONSTANT,miss,morty,2022-06-30 04:21:41.199272,Drop THIS,29
2022-07-04 04:21:41.199272+00:00,0.2745763007255899,2.447709278167541,3.2050594385860407,2.4935286169900595,-2.1214512395184606,-3.8215609909416894,-2.6166147063793987,0.0287493698035321,0.0527692229309586,activity_2,deviant,A CONSTANT,hit,rick,2022-07-04 04:21:41.199272,Drop THIS,29
2022-07-07 04:21:41.199272+00:00,0.8264434931453755,-1.0489816245210912,2.868913814500277,4.131537503472078,-2.5327494652052875,2.36523217701888,1.7797185254504466,0.2309049927931497,-3.114697661258398,activity_1,deviant,A CONSTANT,miss,morty,2022-07-07 04:21:41.199272,Drop THIS,29
2022-07-11 04:21:41.199272+00:00,2.952322585827095,4.606262856288327,2.2183633223361348,4.178599966257341,4.841852649479998,-1.479493257607618,1.3822355292633688,-0.2606726236192198,4.866287468632301,activity_2,deviant,A CONSTANT,miss,morty,2022-07-11 04:21:41.199272,Drop THIS,29
2022-07-16 04:21:41.199272+00:00,-4.06192175992275,-0.8762508570277543,3.7553904452723614,-2.1594868947348456,2.877928506388727,-1.1721683721974427,4.799785398901582,3.835298364237076,-1.9867964233738469,activity_3,deviant,A CONSTANT,hit,morty,2022-07-16 04:21:41.199272,Drop THIS,29
2022-07-23 04:21:41.199272+00:00,2.701931135378551,-1.6314345616673132,1.0636284021553513,1.5848076839329197,3.29595409085705,-4.755491591179851,-2.7984210884770038,2.119178105885787,0.6352323696953732,activity_4,deviant,A CONSTANT,miss,morty,2022-07-23 04:21:41.199272,Drop THIS,29
2022-06-30 04:21:41.199272+00:00,-0.0439492179885689,-4.447900432920195,-1.517241165385438,3.651002319106484,-4.691071629639678,-1.035637646351879,4.4514828767077255,-4.491192654549854,2.497057510446368,activity_1,regular,A CONSTANT,miss,morty,2022-06-30 04:21:41.199272,Drop THIS,30
2022-07-02 04:21:41.199272+00:00,-2.4238738381796354,3.6660883215367246,2.4606797895936507,3.857051708583629,-2.84075209568734,0.3129275481860496,2.7926994357480077,-2.54300257005019,-2.6925369473278304,activity_7,regular,A CONSTANT,miss,morty,2022-07-02 04:21:41.199272,Drop THIS,30
2022-07-06 04:21:41.199272+00:00,-4.728178665024149,4.585152939754524,2.100168800546234,1.355603540101848,2.4399472269499087,0.3161291869543934,-0.2386617890958966,-0.5046775887647916,1.4043921210364123,activity_1,regular,A CONSTANT,miss,morty,2022-07-06 04:21:41.199272,Drop THIS,30
2022-07-12 04:21:41.199272+00:00,-2.984650246076168,3.8805869501486967,3.117523712192652,-1.5043638854796615,0.786092968125244,-3.589727000499854,4.72346247933598,4.028926876302835,4.218975064992005,activity_1,regular,A CONSTANT,miss,morty,2022-07-12 04:21:41.199272,Drop THIS,30
2022-07-17 04:21:41.199272+00:00,-1.6783695229654838,-3.3086529261714426,-2.8822783653368966,-4.099986089549102,-3.7988936989861566,-4.286954658151546,4.898230692048735,-4.259423166309264,-3.674579190485864,activity_2,regular,A CONSTANT,hit,rick,2022-07-17 04:21:41.199272,Drop THIS,30
2022-07-25 04:21:41.199272+00:00,3.272545955907365,0.802402167429431,2.744172045693324,1.3091200777265497,3.82175070328948,1.384675277647406,0.221250929031509,2.127496937612997,-0.5260724820789058,activity_3,regular,A CONSTANT,hit,chloe,2022-07-25 04:21:41.199272,Drop THIS,30
2022-06-28 04:21:41.199272+00:00,-1.5393617709526533,-0.323475475497875,-3.3028589490143934,2.965717298026914,-2.392962186640553,-3.4646845366295254,-2.5364775821677323,3.4207015177223976,-1.6979870440226863,activity_1,regular,A CONSTANT,hit,rick,2022-06-28 04:21:41.199272,Drop THIS,31
2022-07-02 04:21:41.199272+00:00,1.860498695059002,3.564096306557392,-4.222553330749578,2.650244051780429,-1.9233453362096995,-2.8337763581595734,1.8890145245297223,4.097966227332337,-2.0498079128760462,activity_2,regular,A CONSTANT,miss,morty,2022-07-02 04:21:41.199272,Drop THIS,31
2022-07-06 04:21:41.199272+00:00,0.6883380538431902,-2.1016588615050846,0.5428558572642794,1.2186203065434054,1.1033538879017977,1.235463696427459,-3.649202077824759,1.935404695867195,1.7475035638022334,activity_1,regular,A CONSTANT,miss,morty,2022-07-06 04:21:41.199272,Drop THIS,31
2022-07-11 04:21:41.199272+00:00,1.825881222168832,-4.259294472612937,-0.5316115758584736,-0.9096486795427028,-4.132885163568009,-2.776320721031893,-0.5903736820196324,2.429063098580823,-2.629379230153368,activity_2,regular,A CONSTANT,miss,rick,2022-07-11 04:21:41.199272,Drop THIS,31
2022-07-16 04:21:41.199272+00:00,3.297499101249116,0.4579828573946347,2.604216851846175,-0.2744401666314289,-0.0080577457777666,1.1971938937964026,4.279706081658242,-0.0818741858709,0.2865753810829101,activity_3,regular,A CONSTANT,miss,morty,2022-07-16 04:21:41.199272,Drop THIS,31
2022-07-23 04:21:41.199272+00:00,1.0199696352752952,2.3751513729772578,-4.281496645137657,0.1568743852197212,-0.1840841079395652,4.216849842375703,-0.0649341956365887,-0.3167946530566903,4.621999885347019,activity_4,regular,A CONSTANT,miss,rick,2022-07-23 04:21:41.199272,Drop THIS,31
2022-06-28 04:21:41.199272+00:00,-0.4942353639911845,-3.191155696779097,-2.830838771942117,-4.0481246166302585,-4.994318707410556,-0.6805433899951812,2.692425812982214,2.3346644279983586,-4.678509121971498,activity_7,regular,A CONSTANT,miss,morty,2022-06-28 04:21:41.199272,Drop THIS,32
2022-06-30 04:21:41.199272+00:00,0.6998290359403292,-3.45716874586524,4.410762847646973,-3.326350003558207,1.266392176974815,-1.7376163783594325,1.4156132596435222,-0.8774140353592488,2.5964305230639475,activity_1,regular,A CONSTANT,miss,morty,2022-06-30 04:21:41.199272,Drop THIS,32
2022-07-05 04:21:41.199272+00:00,-2.693208746721422,4.057918529142601,0.0020964931335214,2.5609314771285288,3.4973019140122705,4.988286109548049,-2.7605433440604177,-2.1310758643654517,-2.4956691326811176,activity_2,regular,A CONSTANT,miss,rick,2022-07-05 04:21:41.199272,Drop THIS,32
2022-07-10 04:21:41.199272+00:00,-2.3712866784021736,0.8244474153937738,4.93522523145843,4.902780870927545,0.2677323136230765,1.3902721026467375,3.599705437016059,4.329334584535051,-2.9613937267045607,activity_5,regular,A CONSTANT,miss,rick,2022-07-10 04:21:41.199272,Drop THIS,32
2022-06-25 04:21:41.199272+00:00,-3.72774038108172,-3.1128778997108077,3.505208789213576,-0.5371766141955847,-2.721322134471662,2.593411000223874,0.5398112581685943,-4.788439885767065,-1.836385426632848,activity_1,regular,A CONSTANT,hit,morty,2022-06-25 04:21:41.199272,Drop THIS,33
2022-06-27 04:21:41.199272+00:00,-3.2299858887865893,1.558728609828406,-2.249689593697472,-4.350532207900564,-4.450650108023307,0.8172729795871492,-4.782765442959104,3.4879211313608867,-3.446028807427244,activity_1,regular,A CONSTANT,miss,rick,2022-06-27 04:21:41.199272,Drop THIS,33
2022-07-01 04:21:41.199272+00:00,1.0656633519542975,-0.5531197198925426,-0.5714847876809745,-4.282028576399542,3.027522502122157,3.930524847532526,-4.889833326157715,-3.2139582430288227,4.039041887954788,activity_2,regular,A CONSTANT,miss,morty,2022-07-01 04:21:41.199272,Drop THIS,33
2022-07-05 04:21:41.199272+00:00,0.4949361280005817,-3.4996042175178985,-2.972095473908412,1.5998624423711414,2.2481682224687303,0.9942680857993524,4.531483799125258,-0.0593639633822293,-1.997280878574733,activity_5,regular,A CONSTANT,miss,morty,2022-07-05 04:21:41.199272,Drop THIS,33
2022-06-30 04:21:41.199272+00:00,-2.764096791239531,-0.451055982673612,-0.8606968094539909,-3.2333301867283835,3.2441554268349275,4.256866687367246,-2.986516809472848,4.295729155672216,-4.821390408248192,activity_1,regular,A CONSTANT,miss,morty,2022-06-30 04:21:41.199272,Drop THIS,34
2022-07-03 04:21:41.199272+00:00,4.249624727069454,4.519287900809079,-4.879481369840748,2.6301929677674805,4.702015725698434,4.059022188177783,4.7071016119621305,0.5032350569763935,-4.218438601146117,activity_2,regular,A CONSTANT,miss,rick,2022-07-03 04:21:41.199272,Drop THIS,34
2022-07-06 04:21:41.199272+00:00,3.4978919780503617,1.1382825580901157,1.1473674418828903,-0.8274639014131377,0.7184197652110917,-3.464202209138855,2.397700265661503,-4.249826926484577,2.29780767043792,activity_3,regular,A CONSTANT,miss,morty,2022-07-06 04:21:41.199272,Drop THIS,34
2022-07-12 04:21:41.199272+00:00,3.48978422624854,-0.2753132243551182,0.0983036605704938,-1.8778572707792172,4.694585837255875,2.3312447455954537,-1.3101144669965503,-3.2519261376699493,-2.8042040779790867,activity_6,regular,A CONSTANT,miss,chloe,2022-07-12 04:21:41.199272,Drop THIS,34
2022-07-02 04:21:41.199272+00:00,-0.246943821163958,2.537706796439557,-2.148775995848112,-1.649531224948653,3.4569940064697207,0.2007191226148812,3.4273196880647205,-0.5361050785629047,4.529751615601034,activity_1,deviant,A CONSTANT,miss,rick,2022-07-02 04:21:41.199272,Drop THIS,35
2022-07-04 04:21:41.199272+00:00,1.5079458971773674,-3.8410113468075058,3.850929882268007,-0.1073480916920219,-3.5836103202709504,-3.4730986615857926,1.8753393510987184,-4.526274932705102,-2.1340623508618672,activity_2,deviant,A CONSTANT,miss,morty,2022-07-04 04:21:41.199272,Drop THIS,35
2022-07-08 04:21:41.199272+00:00,-3.6021240953013187,-0.5892257038271573,-0.8564622800563875,0.2187643468885589,-2.203636708974698,-4.679564106218228,1.1438610653518575,-1.2628199711764865,1.5133499874004643,activity_1,deviant,A CONSTANT,miss,rick,2022-07-08 04:21:41.199272,Drop THIS,35
2022-07-12 04:21:41.199272+00:00,-3.9133302919573154,-4.862226447059497,-2.5170575211470725,-0.4345267700594775,-1.0592802583153271,3.103025552734664,-1.2216235580717605,0.3044117960307888,0.935155924421922,activity_2,deviant,A CONSTANT,hit,morty,2022-07-12 04:21:41.199272,Drop THIS,35
2022-07-17 04:21:41.199272+00:00,-4.781686083541884,0.1513337684618898,-1.5516874060116217,-0.787198723167454,-3.997126015047497,2.8282056564864524,4.4240425080852255,-4.777311793704,1.0137276281134788,activity_3,deviant,A CONSTANT,miss,morty,2022-07-17 04:21:41.199272,Drop THIS,35
2022-07-24 04:21:41.199272+00:00,2.638440672883581,-2.1519241135011056,2.8755558486321675,1.323550507663013,4.2916263227107,4.810048113537729,-4.576538860012952,-0.5506223897299378,0.4698778757821822,activity_4,deviant,A CONSTANT,hit,morty,2022-07-24 04:21:41.199272,Drop THIS,35
2022-06-24 04:21:41.199272+00:00,-3.532567667923475,-1.637141695726383,4.876474477564617,-4.837695436575285,-0.4749206847561593,3.4265462171819614,-1.760987372807116,-0.2020149724484667,4.7804574578798,activity_7,regular,A CONSTANT,miss,morty,2022-06-24 04:21:41.199272,Drop THIS,36
2022-06-28 04:21:41.199272+00:00,-0.2512316352429611,-3.690786878535009,-4.48278508333609,4.454165724399484,-2.341905867249343,0.0406390656455091,-4.092982339100314,-0.7634487944939492,4.3010551925012415,activity_1,regular,A CONSTANT,miss,morty,2022-06-28 04:21:41.199272,Drop THIS,36
2022-07-01 04:21:41.199272+00:00,0.024129936309384,4.711351518023278,-2.411643627626004,0.0454523970393712,3.595307918093253,-0.5174764544625621,-2.205126264298104,3.554753634178816,-1.1011053112739102,activity_2,regular,A CONSTANT,miss,rick,2022-07-01 04:21:41.199272,Drop THIS,36
2022-07-05 04:21:41.199272+00:00,0.307232910602341,4.765270664151457,-3.135167052441361,-1.9859936327981436,-4.6893039993016,-1.0816229008994729,-2.9981656941514045,1.8003493540789144,-3.186785412341476,activity_5,regular,A CONSTANT,hit,rick,2022-07-05 04:21:41.199272,Drop THIS,36
2022-07-02 04:21:41.199272+00:00,3.0694422435403563,4.3690728813095365,1.065321004079447,2.1035919202282924,2.135866099074174,4.9280795727044495,-1.5846173779837711,-3.371434487572975,0.1916723491432144,activity_1,deviant,A CONSTANT,hit,morty,2022-07-02 04:21:41.199272,Drop THIS,37
2022-07-04 04:21:41.199272+00:00,0.3324980983170817,-3.2208751170385552,1.131094189941395,-4.85875266523176,4.276684024542215,-2.354257221787384,-4.6043979160980815,-3.91750558525143,-2.597510517203583,activity_1,deviant,A CONSTANT,hit,morty,2022-07-04 04:21:41.199272,Drop THIS,37
2022-07-09 04:21:41.199272+00:00,-2.260938313939548,-4.671900005022714,-2.2064518780627083,-3.070582635065179,-1.213790725654814,-1.148322626440308,-1.6099225939712092,-1.72076116469296,-4.102687222587488,activity_2,deviant,A CONSTANT,miss,morty,2022-07-09 04:21:41.199272,Drop THIS,37
2022-07-15 04:21:41.199272+00:00,-4.747950528738379,-2.978856998435334,2.5664942741661534,4.90809765551122,4.285261750573291,0.0421935553776862,0.3182385577793418,-1.8541843096415749,2.739394386376562,activity_5,deviant,A CONSTANT,miss,morty,2022-07-15 04:21:41.199272,Drop THIS,37
2022-07-03 04:21:41.199272+00:00,-4.021167197851403,-2.240761579591868,-0.858224784073295,-4.575420471719017,-0.5178391242883382,-2.34786543887434,-1.07264987898247,-0.7489736800769355,3.794117334876852,activity_1,deviant,A CONSTANT,hit,rick,2022-07-03 04:21:41.199272,Drop THIS,38
2022-07-06 04:21:41.199272+00:00,-2.296590294723609,3.93743128716272,-0.7402903518715078,-1.72192279306014,0.0251204933514603,-0.8225671363716032,-2.4262768694485395,0.0267932479606693,-3.4819826692116878,activity_2,deviant,A CONSTANT,hit,rick,2022-07-06 04:21:41.199272,Drop THIS,38
2022-07-10 04:21:41.199272+00:00,-1.480700569770339,0.657902193740906,-0.8659175561014143,3.2391236105079653,-2.4327823846483376,4.6977157883101,2.847220208513513,4.675930259974722,3.381365548303041,activity_3,deviant,A CONSTANT,miss,rick,2022-07-10 04:21:41.199272,Drop THIS,38
2022-07-14 04:21:41.199272+00:00,-3.5789607414835736,0.2646009063501378,-3.300214788042143,3.1822735262725725,0.8416214918329592,-2.365506856430942,4.295989720071713,-3.8481394668573934,0.63862403471314,activity_6,deviant,A CONSTANT,miss,chloe,2022-07-14 04:21:41.199272,Drop THIS,38
2022-06-28 04:21:41.199272+00:00,4.997653369143439,-0.4464787855651275,3.725317491484981,-0.1762399537088557,4.223576385460033,-4.122406172284494,-3.8598080866544895,4.296321877242242,4.47493045044785,activity_7,deviant,A CONSTANT,miss,morty,2022-06-28 04:21:41.199272,Drop THIS,39
2022-07-01 04:21:41.199272+00:00,-1.8528255253463664,-1.4483511300612817,-0.4754976516524198,-0.838383199327092,-3.0995478404040333,3.9837538393937457,-2.4669239929435625,2.052724094776516,-4.328443222650272,activity_1,deviant,A CONSTANT,miss,morty,2022-07-01 04:21:41.199272,Drop THIS,39
2022-07-05 04:21:41.199272+00:00,-4.612486684715705,1.5373047257692063,-1.6098414242673966,1.554593927200013,-4.059787978311697,4.4985137991586335,2.485144668930954,3.762672330257992,-3.635294459554891,activity_3,deviant,A CONSTANT,miss,rick,2022-07-05 04:21:41.199272,Drop THIS,39
2022-07-10 04:21:41.199272+00:00,-1.798390311071306,-1.3165583579365592,0.3717264832681852,-2.0313151449258573,-4.393692578105949,-1.311216192625293,-2.4545068537271786,-1.1407870853678517,-3.0304045737997374,activity_2,deviant,A CONSTANT,miss,rick,2022-07-10 04:21:41.199272,Drop THIS,39
2022-07-17 04:21:41.199272+00:00,-2.381036254352645,1.2695234043226875,-1.1184616542193493,-1.5461660683050793,0.3390563272237292,2.7186054084392577,-1.2113204365204275,0.8751949255584055,4.662026253681763,activity_3,deviant,A CONSTANT,miss,morty,2022-07-17 04:21:41.199272,Drop THIS,39
2022-07-23 04:21:41.199272+00:00,0.2198011411805067,4.097975765175445,2.9367262425642693,-4.412813183498503,-0.7090112853074313,1.9831840786858812,4.867119124481999,-0.4162370883848743,-4.072145458732606,activity_4,deviant,A CONSTANT,hit,morty,2022-07-23 04:21:41.199272,Drop THIS,39
2022-06-30 04:21:41.199272+00:00,0.6200917471286784,-3.734362078760397,2.515195602793934,0.076769974617779,2.234313683772865,3.6936182687852366,1.2894801716277715,1.1243932925318152,2.545702954396313,activity_1,deviant,A CONSTANT,miss,chloe,2022-06-30 04:21:41.199272,Drop THIS,40
2022-07-02 04:21:41.199272+00:00,3.424550014526673,3.690537862770027,-4.635698043171167,0.5619029679778933,-2.8373069020244857,3.603458907817833,1.4839768520336118,-0.7977752096756188,-3.118957718786487,activity_1,deviant,A CONSTANT,miss,morty,2022-07-02 04:21:41.199272,Drop THIS,40
2022-07-06 04:21:41.199272+00:00,-1.6097637408017351,2.0377769454022454,-2.9564045478836123,-4.064170546616273,3.8802875822755114,2.642103495801168,-3.002050693418674,-2.0768845657000834,4.720701771308857,activity_1,deviant,A CONSTANT,miss,morty,2022-07-06 04:21:41.199272,Drop THIS,40
2022-07-12 04:21:41.199272+00:00,2.0818448675911743,1.1052200421382476,-1.9237151457586965,-2.0087485583347773,-4.604763813097695,2.284818669019314,-4.568247749431155,-4.95142662222721,2.294950878609791,activity_2,deviant,A CONSTANT,miss,morty,2022-07-12 04:21:41.199272,Drop THIS,40
2022-07-18 04:21:41.199272+00:00,4.488737571491253,2.5650304772731047,-0.283598093756213,-0.1395475043912695,-0.6386357735089465,-1.7535633288966634,0.2171421418584014,-0.6884904285888496,0.9816788004077468,activity_3,deviant,A CONSTANT,miss,chloe,2022-07-18 04:21:41.199272,Drop THIS,40
2022-07-25 04:21:41.199272+00:00,3.981200805010944,4.950094173238103,-4.212567101170829,-1.1531652733865858,-3.1929380423319054,-1.478795260744663,-2.12526981451577,-3.254628683732117,2.640760534212905,activity_4,deviant,A CONSTANT,miss,morty,2022-07-25 04:21:41.199272,Drop THIS,40
2022-06-27 04:21:41.199272+00:00,-0.0371125717076417,4.192455822172258,-4.674075567529855,-4.330219868680101,-0.9672641706965592,-4.1972267959596286,-2.372704035851665,4.860297430766236,-2.91040392515386,activity_1,deviant,A CONSTANT,miss,morty,2022-06-27 04:21:41.199272,Drop THIS,41
2022-06-29 04:21:41.199272+00:00,-3.018822585879093,0.736406687957091,-0.020017092068433,0.8043829720284474,-1.2326472179145331,3.26762359894947,-3.6141944855753714,-0.7160735415853434,1.897618484440871,activity_2,deviant,A CONSTANT,miss,chloe,2022-06-29 04:21:41.199272,Drop THIS,41
2022-07-03 04:21:41.199272+00:00,3.682364402828997,-1.304283936432423,0.6774559909375277,-4.308600549927385,-3.2968091188817104,-4.308618375338855,2.2788089199852197,-2.119400312778593,2.237452901918377,activity_3,deviant,A CONSTANT,miss,rick,2022-07-03 04:21:41.199272,Drop THIS,41
2022-07-08 04:21:41.199272+00:00,-4.336017209567254,3.625478004083254,3.355301981110916,-4.110712569497173,-4.762434935428135,-4.437111870180088,3.53630173146734,-2.6529651094810425,0.4827331785818867,activity_6,deviant,A CONSTANT,miss,morty,2022-07-08 04:21:41.199272,Drop THIS,41
2022-07-01 04:21:41.199272+00:00,-1.9451938762882997,-2.4914710834487783,-1.3495275311524155,-3.500585220659393,3.7210430200357374,1.0211939183342729,-3.6621357440614455,1.938593342090014,3.4766646799797325,activity_1,deviant,A CONSTANT,miss,rick,2022-07-01 04:21:41.199272,Drop THIS,42
2022-07-05 04:21:41.199272+00:00,-2.624643279477411,-3.493994056627361,-4.913827428662479,-4.527496611435149,2.622513483035116,4.871863320416939,-4.5511967752372335,2.4807095907989263,-4.2813783415904,activity_3,deviant,A CONSTANT,miss,morty,2022-07-05 04:21:41.199272,Drop THIS,42
2022-07-08 04:21:41.199272+00:00,0.9213282490366675,2.5607528242823783,-1.4079560273226233,-4.890652788893362,0.9518935212542594,4.912446281400278,-2.4238257716150424,-3.105087228127842,-3.7607410724648505,activity_2,deviant,A CONSTANT,miss,morty,2022-07-08 04:21:41.199272,Drop THIS,42
2022-07-13 04:21:41.199272+00:00,0.552556199000561,0.9644509936027336,2.922708371704024,2.5307327362050973,3.925414947950872,3.057726983423013,-2.5273291692055557,0.5587740487576109,-2.0258804090642,activity_6,deviant,A CONSTANT,miss,morty,2022-07-13 04:21:41.199272,Drop THIS,42
2022-07-02 04:21:41.199272+00:00,-4.313791428911411,1.9184706128565288,1.316285421713178,2.573494327399186,3.2819785248933577,2.183505631731551,0.8617629527097197,-1.775366814182223,1.9727366182992911,activity_1,deviant,A CONSTANT,miss,morty,2022-07-02 04:21:41.199272,Drop THIS,43
2022-07-04 04:21:41.199272+00:00,4.569715846307794,0.8752178052887425,1.643448684342539,-0.6287195780019932,2.561208097430744,4.976673923386359,-3.396106759322639,-2.975947204962377,0.3943775866438948,activity_2,deviant,A CONSTANT,miss,morty,2022-07-04 04:21:41.199272,Drop THIS,43
2022-07-07 04:21:41.199272+00:00,-0.1862460273834179,0.7156978450671883,-4.50925952275727,-0.9572354366955108,0.8297826206556085,0.8519135130496274,1.573339617683736,2.2021602900266384,1.415472033408566,activity_3,deviant,A CONSTANT,hit,rick,2022-07-07 04:21:41.199272,Drop THIS,43
2022-07-12 04:21:41.199272+00:00,2.90243155389435,1.2476063468459166,0.3750766253720448,1.061964288878109,-3.988066332466676,-2.2684345927448,0.2739978065813115,3.729872154017072,1.7905155628799303,activity_6,deviant,A CONSTANT,miss,rick,2022-07-12 04:21:41.199272,Drop THIS,43
2022-06-29 04:21:41.199272+00:00,0.0515339485874868,-2.651598367407689,-3.942498625384859,-1.6169447539703596,3.1573063555105687,-1.166572065894921,2.7250580602241348,3.0270497612687883,-3.8917923030129584,activity_1,deviant,A CONSTANT,miss,rick,2022-06-29 04:21:41.199272,Drop THIS,44
2022-07-02 04:21:41.199272+00:00,1.0865975262678376,4.590960633711108,-0.9786192509644608,-4.4905591099697775,4.233026902578786,3.8366628157248286,0.2214144720900179,0.5225312034400966,-2.882588972238751,activity_3,deviant,A CONSTANT,miss,morty,2022-07-02 04:21:41.199272,Drop THIS,44
2022-07-05 04:21:41.199272+00:00,3.194507555446373,-0.0139996160787356,-4.661222048574435,1.830149564489978,4.504962698027061,3.2915049034575024,-2.228018597894602,-4.466749150666594,4.403514125381806,activity_2,deviant,A CONSTANT,miss,morty,2022-07-05 04:21:41.199272,Drop THIS,44
2022-07-09 04:21:41.199272+00:00,4.370627248797014,0.3241531971286937,1.4231741167153515,-0.3739993928919176,-0.8023463290124138,-3.805515640712996,-4.03247101638904,-2.672678533238125,3.3664074640654427,activity_6,deviant,A CONSTANT,miss,rick,2022-07-09 04:21:41.199272,Drop THIS,44
2022-06-24 04:21:41.199272+00:00,4.5809257916064965,0.856037614655798,2.8146583940242165,-1.2271816093863688,-4.87602786084204,0.0973465987644397,0.0719011931592898,-0.6301071168854824,-1.6028294583792322,activity_1,regular,A CONSTANT,miss,morty,2022-06-24 04:21:41.199272,Drop THIS,45
2022-06-27 04:21:41.199272+00:00,-2.50173912190278,0.2754487449718281,-1.247218603065059,4.699318830498086,-3.2707269223306854,-1.8033443237291304,-2.0603952907542897,0.4330917623595702,-0.0071974302585209,activity_2,regular,A CONSTANT,miss,morty,2022-06-27 04:21:41.199272,Drop THIS,45
2022-07-02 04:21:41.199272+00:00,1.437404654242731,4.500017705742078,-2.147789145061326,1.927715692549965,-4.749597969948164,-2.3761152726637547,-0.3628027200340717,-4.690052115188656,1.1766946055363894,activity_1,regular,A CONSTANT,hit,morty,2022-07-02 04:21:41.199272,Drop THIS,45
2022-07-06 04:21:41.199272+00:00,1.7831060840170825,2.4673171483804666,0.1657450484301224,1.0394466497862664,-1.0393474872151276,-4.587469674934375,-4.00048144225487,1.5499592420146415,4.955552995857763,activity_7,regular,A CONSTANT,miss,morty,2022-07-06 04:21:41.199272,Drop THIS,45
2022-07-11 04:21:41.199272+00:00,-4.841967608367038,0.5758349682638277,2.5100875288255784,3.267748280138786,0.4520490122264009,1.1991598018410512,1.9672494527455344,3.589662496934306,-3.7771046279718137,activity_2,regular,A CONSTANT,miss,rick,2022-07-11 04:21:41.199272,Drop THIS,45
2022-07-17 04:21:41.199272+00:00,4.261821962748634,-4.7398259644843,3.361997509577753,-4.232595734403027,-3.0537178839507773,-4.961058536188673,-0.5474329446395929,-1.6564077328260771,-3.3400708851297267,activity_3,regular,A CONSTANT,miss,morty,2022-07-17 04:21:41.199272,Drop THIS,45
